incident_id,tcg_stolen_gun,tcg_not_stolen_gun,tcg_ratio
30,6,6,1
61,1,2,0.5
62,2,2,1
79,2,2,1
200,6,3,2
312,2,2,1
1032,4,2,2
1512,3,1,3
1517,3,1,3
1803,12,4,3
1986,1,1,1
1999,2,6,0.29999999999999999
2218,9,1,9
2219,2,8,0.20000000000000001
2254,8,1,8
2324,6,2,3
2493,3,6,0.5
2871,2,2,1
2945,1,1,1
3094,10,2,5
3121,1,1,1
3138,1,1,1
3305,1,1,1
3311,1,1,1
3720,1,1,1
4105,3,2,1.5
4262,8,2,4
4393,1,1,1
4406,8,6,1.3
4858,2,1,2
5191,1,1,1
5193,4,5,0.80000000000000004
5501,2,2,1
5586,1,3,0.29999999999999999
5717,2,1,2
5727,6,5,1.2
6076,2,2,1
6091,2,2,1
6099,3,3,1
6454,5,2,2.5
6458,6,6,1
6777,2,1,2
6979,1,1,1
7121,1,1,1
7346,4,2,2
7347,1,3,0.29999999999999999
7355,1,1,1
7396,2,2,1
7606,2,2,1
8092,6,2,3
8093,2,2,1
8216,6,2,3
8493,3,3,1
8562,2,2,1
8563,6,2,3
8564,8,6,1.3
8673,2,6,0.29999999999999999
8894,2,2,1
8939,3,3,1
9120,1,1,1
9166,4,2,2
9674,5,3,1.7
9800,5,1,5
9966,2,4,0.5
9979,5,1,5
10053,4,2,2
10173,6,4,1.5
10445,6,3,2
10450,1,1,1
10649,1,1,1
10660,6,2,3
10794,2,2,1
10986,6,2,3
11072,6,2,3
11293,2,1,2
11298,12,3,4
11394,1,1,1
11684,2,12,0.20000000000000001
11967,2,2,1
11972,1,1,1
12037,2,2,1
12060,1,1,1
12330,4,2,2
12544,4,2,2
12830,1,1,1
12869,3,1,3
13108,2,2,1
13305,1,1,1
13368,2,6,0.29999999999999999
13609,8,2,4
13612,2,2,1
13791,1,1,1
13813,1,1,1
14105,1,1,1
14390,2,2,1
14547,5,1,5
14695,3,1,3
14701,8,2,4
14933,3,1,3
15064,10,2,5
15077,2,2,1
15156,4,1,4
15181,2,2,1
15360,2,4,0.5
15701,2,3,0.69999999999999996
15886,1,1,1
15887,4,1,4
16046,1,1,1
16089,4,8,0.5
16179,2,4,0.5
16254,2,2,1
16256,4,2,2
16624,14,2,7
16826,2,1,2
17127,2,2,1
17131,4,2,2
17247,2,2,1
17437,2,2,1
17456,1,1,1
17651,1,1,1
17718,12,2,6
17860,1,1,1
18012,6,2,3
18236,2,2,1
18292,2,2,1
18623,3,3,1
18876,1,2,0.5
18895,2,2,1
19078,10,4,2.5
19513,1,3,0.29999999999999999
19624,2,1,2
20032,1,1,1
20285,1,1,1
20540,2,2,1
20947,3,1,3
20970,2,2,1
21145,2,2,1
21284,3,1,3
21511,1,1,1
21665,3,1,3
22035,2,2,1
22428,4,2,2
22435,8,1,8
22443,1,1,1
22688,4,1,4
22856,4,2,2
22928,1,1,1
23071,2,2,1
23101,2,2,1
23313,3,1,3
23613,2,3,0.69999999999999996
23616,13,1,13
23794,2,1,2
24028,4,1,4
24045,2,1,2
24050,1,1,1
24213,1,1,1
24218,2,2,1
24439,2,6,0.29999999999999999
24443,2,2,1
24453,2,2,1
24662,3,1,3
24666,1,1,1
24669,3,1,3
24680,1,1,1
24912,4,2,2
24915,2,1,2
25034,4,2,2
25275,4,1,4
25281,2,1,2
25431,5,2,2.5
25529,1,1,1
25542,2,2,1
26138,1,1,1
26389,6,3,2
26417,6,2,3
26427,6,3,2
26752,2,2,1
26932,1,1,1
27041,2,1,2
27046,2,1,2
27834,1,1,1
27974,10,4,2.5
28240,1,1,1
28526,2,2,1
28678,3,1,3
28811,1,1,1
28972,1,1,1
28975,1,3,0.29999999999999999
29187,3,3,1
29371,8,2,4
29373,2,6,0.29999999999999999
29623,2,4,0.5
29646,1,1,1
29718,4,1,4
30162,2,1,2
30167,1,1,1
30222,1,2,0.5
30285,12,2,6
30354,9,1,9
30745,6,2,3
30750,2,2,1
30752,4,2,2
31136,2,2,1
31141,1,1,1
31171,2,2,1
31424,1,1,1
31428,1,2,0.5
31637,1,1,1
31845,1,1,1
31871,1,1,1
31995,1,1,1
32200,4,2,2
32451,3,1,3
33696,3,2,1.5
33762,4,2,2
34197,4,2,2
34651,4,4,1
34707,3,1,3
34897,2,1,2
35309,6,6,1
35338,1,1,1
35384,4,2,2
35414,2,2,1
35427,2,2,1
35437,2,2,1
35812,8,4,2
35898,1,1,1
35920,2,2,1
36112,5,1,5
36117,4,2,2
36269,1,1,1
36270,1,1,1
36574,2,1,2
36906,1,1,1
37470,4,2,2
37845,2,1,2
37877,2,2,1
37880,8,5,1.6000000000000001
37881,1,1,1
38639,4,2,2
38640,1,3,0.29999999999999999
39053,3,2,1.5
39156,10,4,2.5
39712,2,1,2
39823,6,4,1.5
39856,1,1,1
40458,1,1,1
40473,2,2,1
40657,5,2,2.5
40788,2,2,1
40789,2,2,1
40837,6,2,3
40856,5,1,5
41018,8,8,1
41046,3,1,3
41278,6,2,3
41675,1,1,1
41998,1,2,0.5
42000,8,2,4
42242,2,1,2
42858,2,4,0.5
42861,2,2,1
42911,1,1,1
43191,2,1,2
43200,8,2,4
43587,1,1,1
43688,3,4,0.80000000000000004
43881,1,1,1
44000,1,1,1
44002,1,1,1
44121,1,2,0.5
44336,2,1,2
44565,2,2,1
44744,3,1,3
44771,4,2,2
44802,1,1,1
45073,2,1,2
45303,1,1,1
45307,6,3,2
45637,2,2,1
45832,2,1,2
45834,4,2,2
45837,6,2,3
45897,1,3,0.29999999999999999
45905,1,2,0.5
46436,2,4,0.5
46729,2,1,2
47086,3,1,3
47513,6,4,1.5
47605,3,1,3
47613,2,1,2
47616,1,1,1
47797,3,1,3
47800,4,1,4
47962,2,6,0.29999999999999999
47966,1,1,1
48111,6,6,1
48174,4,2,2
48354,6,6,1
48441,4,2,2
48547,4,2,2
48639,2,2,1
48642,4,1,4
48677,1,2,0.5
48715,2,2,1
48772,8,2,4
48806,2,2,1
48877,2,2,1
48946,2,2,1
49115,1,2,0.5
49221,2,6,0.29999999999999999
49225,20,6,3.2999999999999998
49237,8,2,4
49277,1,1,1
49311,10,2,5
49394,1,2,0.5
49454,2,2,1
49552,4,2,2
49558,2,4,0.5
49590,2,2,1
49607,2,2,1
49614,4,2,2
49658,4,2,2
49711,1,1,1
49759,2,2,1
49805,4,2,2
49933,2,2,1
49953,2,1,2
49981,2,4,0.5
49995,2,2,1
50018,2,2,1
50091,2,2,1
50092,1,1,1
50165,2,2,1
50184,2,2,1
50204,2,2,1
50244,8,2,4
50302,2,6,0.29999999999999999
50336,4,2,2
50418,2,2,1
50495,1,1,1
50511,2,6,0.29999999999999999
50529,2,2,1
50545,2,2,1
50582,2,2,1
50620,12,6,2
50637,2,2,1
50693,2,2,1
50816,8,4,2
50848,5,2,2.5
50870,6,6,1
50873,4,2,2
50963,8,2,4
51022,2,1,2
51023,2,2,1
51222,1,1,1
51493,1,1,1
51604,2,6,0.29999999999999999
51607,2,2,1
51637,6,2,3
51792,2,2,1
51835,4,2,2
51859,2,2,1
51940,2,1,2
51969,3,1,3
52030,1,2,0.5
52201,4,2,2
52259,2,2,1
52281,6,2,3
52393,2,2,1
52457,4,2,2
52501,2,2,1
52609,4,2,2
52620,2,2,1
52690,4,2,2
52714,4,2,2
52741,6,2,3
52768,6,2,3
52792,1,2,0.5
52938,6,2,3
52947,6,2,3
52969,2,2,1
53039,10,2,5
53043,6,6,1
53059,2,1,2
53163,1,1,1
53216,2,2,1
53220,2,1,2
53240,2,1,2
53259,2,2,1
53266,1,2,0.5
53343,2,5,0.40000000000000002
53430,6,2,3
53561,2,1,2
53572,2,6,0.29999999999999999
53590,2,2,1
53617,2,2,1
53626,6,12,0.5
53638,1,1,1
53710,2,1,2
53718,2,6,0.29999999999999999
53805,2,2,1
53822,4,2,2
53869,4,2,2
53876,4,4,1
53902,6,6,1
53917,8,2,4
53953,2,1,2
53958,1,1,1
54029,1,1,1
54117,2,2,1
54186,12,6,2
54218,1,6,0.20000000000000001
54244,6,4,1.5
54248,12,6,2
54267,6,8,0.80000000000000004
54393,2,2,1
54401,14,12,1.2
54611,8,8,1
54615,4,2,2
54689,1,1,1
54751,2,6,0.29999999999999999
54758,2,2,1
54774,4,2,2
54804,2,2,1
54826,6,2,3
54856,8,2,4
54880,2,2,1
54942,2,1,2
55095,6,4,1.5
55098,4,2,2
55149,2,2,1
55270,6,2,3
55296,2,2,1
55378,4,2,2
55424,8,2,4
55476,1,1,1
55480,2,1,2
55498,2,2,1
55536,2,1,2
55549,2,1,2
55654,2,6,0.29999999999999999
55695,2,2,1
55712,2,2,1
55715,6,1,6
55755,6,6,1
55774,4,2,2
55783,2,2,1
55817,3,2,1.5
55852,2,2,1
55906,8,2,4
55984,6,2,3
56034,2,2,1
56142,2,1,2
56144,2,2,1
56177,2,2,1
56218,2,2,1
56347,6,6,1
56367,6,2,3
56399,2,2,1
56453,2,6,0.29999999999999999
56461,2,2,1
56467,10,6,1.7
56475,2,2,1
56505,3,6,0.5
56578,2,2,1
56586,6,2,3
56611,6,2,3
56714,2,2,1
56724,4,6,0.69999999999999996
56757,2,2,1
56868,2,2,1
56888,3,1,3
56911,2,2,1
56981,4,2,2
57013,6,2,3
57081,2,2,1
57084,4,6,0.69999999999999996
57123,4,1,4
57231,2,2,1
57344,2,2,1
57597,4,2,2
57750,4,2,2
57798,1,2,0.5
57846,4,2,2
57965,6,6,1
57990,2,2,1
58058,2,2,1
58177,2,2,1
58298,1,1,1
58482,1,1,1
58554,12,6,2
58557,2,2,1
58609,2,2,1
58639,2,2,1
58668,2,2,1
58669,2,2,1
58692,2,2,1
58810,2,2,1
58822,4,2,2
58878,1,4,0.20000000000000001
58897,4,2,2
58921,2,2,1
58947,6,2,3
58948,2,2,1
58949,2,2,1
58950,4,2,2
59028,2,2,1
59157,2,2,1
59266,12,2,6
59292,2,2,1
59318,2,2,1
59364,3,6,0.5
59425,6,2,3
59439,6,2,3
59565,17,2,8.5
59621,2,2,1
59749,2,2,1
59787,2,6,0.29999999999999999
59794,4,2,2
59824,6,6,1
59896,1,1,1
59905,6,6,1
59982,1,1,1
59998,2,6,0.29999999999999999
60051,2,1,2
60139,2,4,0.5
60213,1,1,1
60220,6,2,3
60263,2,6,0.29999999999999999
60351,2,2,1
60354,7,2,3.5
60376,1,1,1
60406,2,2,1
60409,8,2,4
60474,3,1,3
60490,1,1,1
60506,2,4,0.5
60537,8,4,2
60538,1,1,1
60564,8,2,4
60684,2,2,1
60721,8,2,4
60811,4,4,1
60821,3,1,3
60872,2,1,2
60884,2,2,1
60966,4,2,2
61090,1,2,0.5
61194,2,2,1
61282,12,4,3
61304,2,2,1
61428,4,4,1
61444,4,2,2
61516,1,1,1
61664,4,2,2
61674,2,2,1
61696,2,2,1
61699,18,6,3
61783,4,2,2
61792,4,2,2
61859,15,1,15
61889,2,2,1
62054,2,2,1
62128,3,2,1.5
62136,4,1,4
62192,2,4,0.5
62244,2,2,1
62295,1,1,1
62361,4,2,2
62365,2,2,1
62419,2,2,1
62434,6,2,3
62548,4,2,2
62698,3,1,3
62715,2,2,1
62762,2,1,2
62768,8,3,2.7000000000000002
62788,4,2,2
62835,6,2,3
62858,6,12,0.5
62975,4,2,2
62989,2,2,1
63003,1,1,1
63222,2,2,1
63263,2,2,1
63269,2,2,1
63277,2,1,2
63304,6,6,1
63434,2,2,1
63532,2,2,1
63602,2,2,1
63623,2,1,2
63643,6,2,3
63644,2,2,1
63664,4,2,2
63677,2,2,1
63700,6,2,3
63728,8,2,4
63772,2,1,2
63787,1,2,0.5
63851,2,4,0.5
63919,6,2,3
64004,12,6,2
64025,2,2,1
64041,1,1,1
64048,2,1,2
64068,1,2,0.5
64160,4,2,2
64247,20,4,5
64424,4,4,1
64428,4,2,2
64431,1,1,1
64432,2,1,2
64448,1,1,1
64493,2,2,1
64495,4,4,1
64503,2,2,1
64510,2,2,1
64540,2,2,1
64552,1,2,0.5
64619,2,10,0.20000000000000001
64690,24,8,3
64730,8,2,4
64745,1,1,1
64831,6,2,3
64854,2,1,2
64913,1,1,1
64941,2,2,1
64971,8,2,4
64979,4,2,2
65056,2,2,1
65134,2,1,2
65502,6,6,1
65511,10,4,2.5
65536,2,2,1
65582,2,6,0.29999999999999999
65613,6,2,3
65642,2,2,1
65657,2,2,1
65699,4,2,2
65703,4,2,2
65859,2,2,1
65930,2,2,1
65952,1,1,1
66183,1,1,1
66278,2,1,2
66363,3,1,3
66421,6,4,1.5
66430,2,2,1
66462,1,1,1
66510,1,2,0.5
66519,2,12,0.20000000000000001
66616,2,2,1
66677,4,4,1
66748,10,2,5
66853,4,2,2
67037,6,2,3
67072,1,1,1
67178,1,1,1
67244,2,2,1
67396,6,2,3
67410,2,2,1
67430,2,6,0.29999999999999999
67461,4,2,2
67495,2,4,0.5
67511,6,6,1
67540,2,1,2
67560,3,1,3
67634,12,12,1
67676,14,2,7
67893,6,6,1
67910,3,2,1.5
67980,2,1,2
67982,4,1,4
68001,21,8,2.6000000000000001
68017,2,2,1
68026,6,4,1.5
68035,6,4,1.5
68099,1,1,1
68199,2,4,0.5
68326,1,1,1
68392,2,2,1
68393,2,2,1
68581,2,2,1
68584,2,1,2
68640,8,2,4
68882,13,4,3.2000000000000002
68921,1,1,1
68995,12,12,1
69004,4,6,0.69999999999999996
69459,2,2,1
69578,6,6,1
69616,12,4,3
69648,4,2,2
69649,2,2,1
69651,1,1,1
69736,6,2,3
69746,4,4,1
69774,1,1,1
69790,3,1,3
69791,48,10,4.7999999999999998
69869,6,2,3
69887,2,2,1
69907,1,2,0.5
69956,6,6,1
70231,1,1,1
70237,4,2,2
70262,1,1,1
70274,2,2,1
70279,6,2,3
70337,4,2,2
70370,4,2,2
70443,2,2,1
70461,2,2,1
70466,6,3,2
70482,2,6,0.29999999999999999
70508,2,2,1
70524,6,2,3
70582,6,6,1
70608,1,1,1
70612,2,2,1
70667,2,2,1
70718,6,6,1
70776,2,4,0.5
70817,14,2,7
70896,2,2,1
70948,2,2,1
71060,1,1,1
71104,24,6,4
71107,14,2,7
71124,2,2,1
71297,2,2,1
71324,2,2,1
71351,1,1,1
71464,1,1,1
71520,2,2,1
71536,2,2,1
71563,8,2,4
71606,2,2,1
71634,2,2,1
71637,2,1,2
71694,12,2,6
71723,14,3,4.7000000000000002
71892,2,2,1
72021,4,2,2
72026,12,6,2
72100,10,2,5
72102,9,6,1.5
72149,1,1,1
72220,2,2,1
72249,6,6,1
72382,2,2,1
72422,4,1,4
72446,2,1,2
72481,2,2,1
72499,2,2,1
72587,2,2,1
72616,1,1,1
72768,2,4,0.5
72897,1,1,1
72970,2,6,0.29999999999999999
72983,2,6,0.29999999999999999
73022,2,1,2
73258,2,2,1
73334,2,2,1
73378,4,4,1
73393,2,2,1
73555,2,2,1
73560,4,2,2
73586,16,6,2.7000000000000002
73633,4,4,1
73803,1,2,0.5
73855,6,2,3
73881,4,6,0.69999999999999996
73902,2,2,1
73938,4,2,2
74092,2,4,0.5
74098,2,2,1
74176,4,2,2
74177,8,2,4
74220,3,2,1.5
74322,1,1,1
74323,2,2,1
74413,1,1,1
74438,2,2,1
74440,1,1,1
74527,1,1,1
74542,4,2,2
74544,2,1,2
74550,2,2,1
74558,2,1,2
74565,2,6,0.29999999999999999
74631,2,2,1
74712,2,2,1
74847,2,2,1
75055,6,2,3
75137,1,4,0.20000000000000001
75184,1,1,1
75248,2,2,1
75340,2,1,2
75345,2,2,1
75365,6,2,3
75400,6,2,3
75499,4,2,2
75573,10,4,2.5
75607,1,1,1
75613,12,2,6
75640,2,4,0.5
75645,1,1,1
75658,10,6,1.7
75700,8,2,4
75702,2,2,1
75771,2,1,2
75927,6,9,0.69999999999999996
76021,2,2,1
76028,2,2,1
76041,4,2,2
76194,6,6,1
76228,2,2,1
76293,4,2,2
76420,6,2,3
76462,4,2,2
76569,2,2,1
76586,24,6,4
76603,1,1,1
76640,1,1,1
76761,2,2,1
76762,4,2,2
76774,4,2,2
76787,8,10,0.80000000000000004
76791,2,1,2
76894,2,2,1
76899,12,2,6
76951,2,2,1
77031,2,2,1
77144,6,2,3
77152,4,2,2
77181,2,2,1
77205,2,2,1
77208,2,2,1
77296,6,2,3
77362,1,2,0.5
77370,2,2,1
77382,2,2,1
77489,6,6,1
77492,2,4,0.5
77493,10,2,5
77532,6,2,3
77571,4,4,1
77598,2,1,2
77655,2,2,1
77688,2,2,1
78033,2,2,1
78087,2,2,1
78102,4,2,2
78160,2,2,1
78176,2,4,0.5
78229,2,4,0.5
78306,2,4,0.5
78329,6,12,0.5
78437,2,2,1
78451,2,6,0.29999999999999999
78512,2,2,1
78520,4,4,1
78576,2,2,1
78595,1,1,1
78628,8,2,4
78669,1,1,1
78731,4,2,2
78876,2,2,1
79027,4,6,0.69999999999999996
79191,4,4,1
79202,1,1,1
79261,4,4,1
79271,12,6,2
79481,2,4,0.5
79537,6,4,1.5
79603,2,2,1
79612,2,2,1
79656,4,2,2
79660,10,6,1.7
79686,8,6,1.3
79744,3,2,1.5
79779,2,2,1
79829,2,2,1
79916,2,2,1
79971,2,2,1
80016,2,2,1
80030,3,1,3
80052,6,2,3
80086,2,1,2
80235,2,2,1
80279,2,6,0.29999999999999999
80292,2,6,0.29999999999999999
80328,3,1,3
80420,2,2,1
80491,2,2,1
80494,1,6,0.20000000000000001
80632,2,6,0.29999999999999999
80761,1,2,0.5
80771,4,4,1
80779,4,1,4
80933,18,2,9
81012,3,2,1.5
81028,2,2,1
81034,20,4,5
81043,2,4,0.5
81054,1,1,1
81101,6,2,3
81147,4,2,2
81152,6,6,1
81237,2,6,0.29999999999999999
81293,2,2,1
81298,1,1,1
81409,2,2,1
81463,4,2,2
81551,3,1,3
81573,4,2,2
81687,6,6,1
81705,2,2,1
81743,4,2,2
81804,6,2,3
81868,6,2,3
81920,3,1,3
82000,8,2,4
82056,4,2,2
82073,2,2,1
82082,2,6,0.29999999999999999
82087,2,2,1
82089,2,2,1
82346,16,2,8
82347,6,4,1.5
82400,2,2,1
82432,2,4,0.5
82443,10,2,5
82511,2,2,1
82723,2,2,1
82811,2,2,1
82981,4,2,2
82982,2,2,1
83059,6,2,3
83090,2,2,1
83095,2,2,1
83120,2,2,1
83158,12,2,6
83185,4,1,4
83186,2,2,1
83253,2,2,1
83371,8,6,1.3
83640,26,13,2
83758,4,2,2
83760,6,2,3
83770,4,4,1
83780,2,2,1
83818,8,2,4
83912,2,1,2
84067,3,1,3
84237,2,1,2
84310,1,1,1
84311,7,12,0.59999999999999998
84320,1,1,1
84349,2,2,1
84360,6,2,3
84426,1,1,1
84475,2,1,2
84487,2,2,1
84598,4,2,2
84739,4,4,1
84754,6,2,3
84774,1,1,1
85045,2,2,1
85102,2,2,1
85143,4,4,1
85172,1,1,1
85487,1,4,0.20000000000000001
85574,2,2,1
85627,2,2,1
85629,2,2,1
85731,2,1,2
85778,1,1,1
85793,4,2,2
85907,2,2,1
85983,1,1,1
86009,1,2,0.5
86012,2,4,0.5
86044,2,2,1
86195,2,2,1
86213,2,1,2
86451,6,2,3
86474,4,2,2
86542,2,2,1
86550,4,2,2
86570,6,2,3
86573,2,6,0.29999999999999999
86647,12,2,6
86704,10,2,5
86774,4,2,2
86791,2,1,2
86864,6,2,3
86894,8,2,4
87120,1,1,1
87136,2,2,1
87138,4,2,2
87285,12,2,6
87289,7,3,2.2999999999999998
87578,6,2,3
87602,1,1,1
87672,8,6,1.3
87686,2,1,2
87740,8,2,4
87754,2,2,1
87853,6,6,1
87856,12,6,2
87970,4,2,2
88002,6,2,3
88028,2,2,1
88036,2,8,0.20000000000000001
88039,2,2,1
88042,2,2,1
88061,2,2,1
88062,6,12,0.5
88220,8,2,4
88239,6,6,1
88252,4,2,2
88259,2,2,1
88346,6,2,3
88509,2,1,2
88534,2,2,1
88701,1,1,1
88774,2,2,1
88788,7,2,3.5
88807,18,6,3
88826,2,2,1
88961,4,2,2
89006,4,2,2
89008,8,6,1.3
89012,4,1,4
89050,6,2,3
89113,4,2,2
89128,2,6,0.29999999999999999
89235,3,1,3
89274,5,2,2.5
89294,2,2,1
89339,6,6,1
89348,2,2,1
89384,6,2,3
89407,6,2,3
89454,2,2,1
89458,2,2,1
89480,2,7,0.29999999999999999
89604,2,2,1
89708,2,2,1
89802,4,1,4
89833,6,2,3
89869,1,1,1
89922,2,2,1
90042,2,2,1
90154,3,6,0.5
90172,16,2,8
90205,4,2,2
90228,4,2,2
90259,2,1,2
90275,2,2,1
90298,2,2,1
90510,18,2,9
90590,6,6,1
90789,6,2,3
90859,4,2,2
90910,2,2,1
90919,2,4,0.5
90987,2,2,1
91156,2,2,1
91328,4,4,1
91471,2,1,2
91480,4,2,2
91496,2,2,1
91500,1,2,0.5
91528,4,2,2
91820,4,2,2
91911,6,2,3
91934,1,1,1
91940,2,2,1
91966,1,2,0.5
92028,7,1,7
92038,2,2,1
92059,2,2,1
92063,14,8,1.8
92089,4,2,2
92165,2,1,2
92169,6,6,1
92186,2,2,1
92280,2,2,1
92475,2,6,0.29999999999999999
92536,4,2,2
92574,1,1,1
92739,2,2,1
92791,2,4,0.5
92795,1,1,1
92921,2,1,2
93006,2,2,1
93031,1,1,1
93032,1,2,0.5
93058,4,1,4
93068,4,2,2
93073,2,4,0.5
93094,14,2,7
93185,2,2,1
93243,2,2,1
93252,4,6,0.69999999999999996
93282,6,3,2
93289,2,2,1
93292,24,6,4
93313,6,2,3
93327,2,2,1
93331,1,1,1
93371,6,2,3
93481,2,2,1
93512,12,6,2
93554,1,2,0.5
93623,2,2,1
93630,8,12,0.69999999999999996
93636,2,2,1
93686,2,2,1
93715,2,2,1
93736,2,2,1
93767,2,2,1
93834,2,2,1
93935,6,2,3
93949,2,2,1
93955,6,2,3
93974,5,3,1.7
93993,2,1,2
94022,6,2,3
94030,2,2,1
94095,3,3,1
94233,4,1,4
94243,2,2,1
94342,1,2,0.5
94358,2,2,1
94380,32,6,5.2999999999999998
94388,4,2,2
94391,2,1,2
94419,2,2,1
94467,8,8,1
94511,1,2,0.5
94543,8,4,2
94587,4,2,2
94650,2,2,1
94656,2,4,0.5
94699,44,4,11
94747,14,8,1.8
94791,2,2,1
94824,1,1,1
94986,2,2,1
95107,4,2,2
95125,2,2,1
95131,1,4,0.20000000000000001
95160,2,2,1
95194,1,1,1
95218,2,2,1
95230,2,2,1
95256,8,2,4
95269,1,1,1
95319,2,2,1
95413,6,4,1.5
95419,1,1,1
95455,4,2,2
95458,4,2,2
95541,4,2,2
95604,5,2,2.5
95609,2,2,1
95643,2,4,0.5
95688,5,1,5
95703,2,2,1
95713,1,1,1
95787,6,2,3
95896,14,4,3.5
96028,1,1,1
96197,2,2,1
96225,6,2,3
96244,2,1,2
96277,6,6,1
96327,6,2,3
96353,2,2,1
96383,2,2,1
96474,2,4,0.5
96642,6,4,1.5
96712,2,1,2
96735,2,2,1
97051,2,2,1
97101,2,2,1
97146,2,2,1
97190,4,2,2
97315,2,2,1
97419,2,4,0.5
97442,1,1,1
97502,2,2,1
97768,22,4,5.5
97769,6,2,3
97776,4,2,2
97785,4,2,2
97876,6,2,3
97883,2,4,0.5
97901,4,2,2
97997,6,2,3
98008,18,2,9
98214,4,1,4
98218,2,2,1
98221,14,4,3.5
98258,2,2,1
98303,2,2,1
98306,10,6,1.7
98350,4,2,2
98360,2,2,1
98447,2,2,1
98451,1,1,1
98467,2,1,2
98487,4,2,2
98545,10,2,5
98573,1,1,1
98699,3,2,1.5
98794,6,2,3
98802,2,2,1
98805,6,2,3
98819,2,6,0.29999999999999999
98874,4,6,0.69999999999999996
98894,14,6,2.2999999999999998
99088,2,2,1
99272,4,2,2
99325,6,2,3
99341,4,2,2
99381,2,2,1
99387,12,6,2
99400,2,2,1
99437,2,2,1
99454,4,2,2
99462,1,2,0.5
99550,4,2,2
99579,2,1,2
99596,14,4,3.5
99614,10,4,2.5
99651,2,2,1
99675,2,2,1
99839,2,2,1
99940,2,2,1
100024,2,4,0.5
100070,2,2,1
100132,2,2,1
100144,4,2,2
100149,18,4,4.5
100219,6,2,3
100231,6,4,1.5
100309,4,6,0.69999999999999996
100333,2,2,1
100344,12,4,3
100384,1,5,0.20000000000000001
100419,6,2,3
100446,1,4,0.20000000000000001
100461,1,1,1
100523,2,2,1
100530,2,1,2
100578,2,2,1
100592,8,8,1
100618,2,1,2
100688,8,4,2
100714,4,4,1
100717,1,4,0.20000000000000001
100720,6,2,3
100853,10,6,1.7
100935,2,2,1
100986,2,1,2
100990,10,2,5
101038,2,2,1
101151,2,1,2
101159,1,1,1
101234,2,2,1
101278,1,2,0.5
101334,2,2,1
101335,2,2,1
101406,2,6,0.29999999999999999
101435,2,2,1
101500,4,2,2
101531,4,4,1
101575,2,2,1
101595,4,2,2
101600,2,2,1
101607,1,1,1
101688,4,2,2
101838,6,2,3
101847,2,2,1
101853,2,2,1
101854,2,2,1
101857,6,2,3
101869,4,2,2
101905,2,2,1
102042,16,2,8
102079,4,2,2
102222,2,2,1
102312,6,6,1
102381,3,1,3
102485,8,6,1.3
102514,1,1,1
102518,12,6,2
102542,20,2,10
102632,2,2,1
102680,2,2,1
102772,6,6,1
102775,2,2,1
102859,2,2,1
103051,1,1,1
103060,6,4,1.5
103118,2,2,1
103138,6,1,6
103169,2,4,0.5
103219,1,3,0.29999999999999999
103383,7,6,1.2
103433,3,2,1.5
103465,2,2,1
103502,2,2,1
103668,1,1,1
103669,4,2,2
103677,4,2,2
103686,2,2,1
103748,1,1,1
103777,6,2,3
103817,1,1,1
103819,2,4,0.5
103841,2,6,0.29999999999999999
103879,2,2,1
103963,4,4,1
104006,2,4,0.5
104222,2,2,1
104398,1,1,1
104433,6,2,3
104540,3,3,1
104616,2,2,1
104648,12,8,1.5
104741,3,2,1.5
104742,8,2,4
104855,2,1,2
104868,14,6,2.2999999999999998
104887,2,2,1
104913,2,6,0.29999999999999999
104916,4,4,1
104955,1,1,1
104957,2,2,1
105036,2,6,0.29999999999999999
105123,2,4,0.5
105138,2,2,1
105147,1,1,1
105303,1,1,1
105371,6,2,3
105380,4,4,1
105443,1,1,1
105474,1,2,0.5
105513,1,1,1
105543,2,2,1
105545,2,2,1
105622,2,2,1
105641,2,2,1
105658,24,6,4
105678,2,2,1
105967,6,2,3
106016,2,1,2
106221,2,6,0.29999999999999999
106226,4,2,2
106240,2,2,1
106320,4,2,2
106427,6,2,3
106541,2,2,1
106552,6,2,3
106794,2,2,1
106849,10,2,5
106988,2,4,0.5
107059,4,2,2
107089,2,2,1
107099,2,6,0.29999999999999999
107130,3,3,1
107255,2,1,2
107257,2,2,1
107393,4,2,2
107396,2,2,1
107537,2,2,1
107549,6,6,1
107581,4,2,2
107596,6,2,3
107680,2,2,1
107701,4,2,2
107723,4,4,1
107735,2,2,1
107812,1,1,1
107869,4,4,1
107959,1,1,1
107998,3,3,1
108010,3,1,3
108043,2,2,1
108070,3,2,1.5
108178,6,2,3
108251,4,2,2
108294,6,6,1
108397,8,1,8
108411,4,2,2
108440,1,1,1
108450,4,2,2
108472,3,2,1.5
108514,6,6,1
108615,2,2,1
108625,3,2,1.5
108635,10,6,1.7
108659,2,1,2
108662,1,1,1
108683,2,2,1
108728,8,6,1.3
108740,2,2,1
108748,3,1,3
108845,4,6,0.69999999999999996
108874,2,1,2
108880,3,3,1
108882,3,3,1
108901,2,2,1
108922,2,6,0.29999999999999999
109011,4,2,2
109046,4,2,2
109054,2,1,2
109063,8,2,4
109070,2,2,1
109090,8,2,4
109099,14,2,7
109101,1,1,1
109143,2,4,0.5
109285,4,2,2
109287,2,2,1
109306,1,1,1
109333,2,8,0.20000000000000001
109366,1,2,0.5
109404,12,4,3
109420,2,4,0.5
109426,1,2,0.5
109445,3,1,3
109470,2,2,1
109477,5,2,2.5
109480,6,2,3
109487,2,2,1
109558,4,2,2
109566,4,2,2
109574,2,2,1
109588,2,2,1
109608,2,2,1
109609,6,2,3
109665,2,2,1
109700,2,2,1
109701,2,1,2
109778,2,2,1
109784,6,2,3
109794,6,2,3
109819,4,2,2
109849,2,4,0.5
109862,2,2,1
109865,6,6,1
109879,2,2,1
109894,2,2,1
109911,2,3,0.69999999999999996
110013,2,4,0.5
110049,29,2,14.5
110118,6,2,3
110144,2,2,1
110306,2,2,1
110325,2,2,1
110336,6,2,3
110569,2,1,2
110671,4,2,2
110728,1,1,1
110808,12,12,1
110828,2,2,1
110840,6,12,0.5
110882,4,2,2
110898,6,2,3
110980,2,4,0.5
111003,2,6,0.29999999999999999
111067,12,2,6
111075,2,2,1
111208,6,2,3
111214,5,4,1.2
111260,4,2,2
111303,4,2,2
111408,2,2,1
111431,2,2,1
111470,6,2,3
111493,6,2,3
111522,32,10,3.2000000000000002
111559,2,2,1
111571,2,2,1
111607,1,2,0.5
111622,2,2,1
111691,2,2,1
111733,10,2,5
111786,2,2,1
111852,2,2,1
111884,3,1,3
111895,4,2,2
112047,2,2,1
112194,2,6,0.29999999999999999
112234,2,2,1
112270,1,1,1
112373,2,2,1
112401,2,2,1
112417,4,2,2
112422,4,2,2
112428,2,2,1
112446,2,2,1
112453,2,2,1
112524,2,4,0.5
112535,1,1,1
112536,4,4,1
112555,2,2,1
112577,6,6,1
112578,5,1,5
112626,2,2,1
112650,4,8,0.5
112669,2,2,1
112684,1,1,1
112709,2,2,1
112734,1,1,1
112757,6,18,0.29999999999999999
112758,1,1,1
112859,4,2,2
112892,6,2,3
112999,8,6,1.3
113003,2,2,1
113024,8,2,4
113151,1,1,1
113166,4,2,2
113182,4,2,2
113188,8,18,0.40000000000000002
113229,2,2,1
113236,8,2,4
113339,2,2,1
113380,4,2,2
113423,2,2,1
113454,4,2,2
113530,2,2,1
113576,2,2,1
113623,6,10,0.59999999999999998
113688,1,2,0.5
113705,4,2,2
113764,2,1,2
113959,2,2,1
113982,2,6,0.29999999999999999
114075,6,2,3
114087,2,1,2
114261,2,1,2
114270,4,2,2
114434,20,2,10
114474,2,2,1
114523,2,2,1
114550,2,2,1
114608,4,2,2
114636,1,1,1
114638,2,2,1
114644,2,2,1
114688,6,2,3
114707,2,2,1
114723,6,2,3
114749,1,1,1
114763,2,2,1
114801,2,2,1
114863,6,6,1
114879,1,1,1
114902,4,2,2
114918,2,2,1
114984,2,2,1
115011,4,2,2
115079,6,6,1
115113,2,2,1
115260,2,2,1
115297,2,2,1
115323,8,2,4
115354,2,1,2
115457,14,2,7
115500,2,2,1
115589,2,2,1
115643,2,2,1
115674,4,2,2
115692,2,2,1
115729,4,2,2
115731,4,2,2
115743,2,2,1
115807,4,2,2
115827,2,2,1
115906,2,2,1
115930,1,1,1
115933,6,2,3
115959,4,4,1
116040,2,2,1
116070,1,1,1
116134,2,2,1
116204,2,2,1
116213,4,2,2
116221,2,2,1
116246,2,2,1
116294,2,2,1
116358,6,2,3
116390,2,2,1
116427,4,2,2
116468,6,2,3
116571,1,1,1
116607,2,2,1
116632,20,2,10
116659,2,2,1
116663,6,6,1
116667,2,2,1
116668,8,2,4
116678,1,1,1
116708,2,1,2
116767,4,2,2
116771,4,2,2
116802,4,2,2
116857,4,6,0.69999999999999996
116861,1,1,1
116961,2,2,1
117029,2,2,1
117058,2,2,1
117151,12,2,6
117225,2,2,1
117319,2,2,1
117374,1,1,1
117393,2,4,0.5
117474,2,4,0.5
117533,12,12,1
117638,2,1,2
117756,4,2,2
117815,4,2,2
117879,4,2,2
117902,2,2,1
117932,4,2,2
117942,2,2,1
117953,4,2,2
118133,2,2,1
118166,16,18,0.90000000000000002
118175,4,2,2
118188,2,2,1
118203,1,3,0.29999999999999999
118232,2,2,1
118234,12,8,1.5
118249,4,2,2
118269,2,2,1
118384,4,2,2
118444,2,2,1
118455,2,6,0.29999999999999999
118462,2,2,1
118607,2,2,1
118671,4,6,0.69999999999999996
118682,12,8,1.5
118699,7,1,7
118738,12,6,2
118943,1,1,1
118985,4,2,2
119123,2,2,1
119152,2,2,1
119174,2,6,0.29999999999999999
119180,14,6,2.2999999999999998
119184,2,2,1
119192,8,6,1.3
119197,2,2,1
119209,2,2,1
119284,1,4,0.20000000000000001
119347,4,6,0.69999999999999996
119360,2,1,2
119418,2,2,1
119484,4,2,2
119556,2,6,0.29999999999999999
119710,2,2,1
119748,1,1,1
119768,3,1,3
119841,2,2,1
119938,2,2,1
119946,2,4,0.5
120078,4,2,2
120085,4,1,4
120106,4,2,2
120364,6,2,3
120378,8,2,4
120385,2,2,1
120408,10,2,5
120450,2,2,1
120553,6,2,3
120573,9,3,3
120581,1,1,1
120634,3,3,1
120712,2,2,1
120751,2,3,0.69999999999999996
120760,40,4,10
120763,2,2,1
120787,2,2,1
120822,6,4,1.5
120826,2,2,1
120946,2,2,1
120952,2,4,0.5
120994,2,4,0.5
121003,1,1,1
121019,1,1,1
121024,4,2,2
121030,7,2,3.5
121056,2,2,1
121086,4,2,2
121149,2,4,0.5
121163,8,6,1.3
121173,4,3,1.3
121190,6,2,3
121203,2,2,1
121214,6,2,3
121271,4,2,2
121288,2,2,1
121311,6,2,3
121345,2,2,1
121395,1,1,1
121408,2,2,1
121441,2,2,1
121446,6,2,3
121456,2,2,1
121618,11,2,5.5
121672,1,2,0.5
121673,2,2,1
121770,2,2,1
121775,2,2,1
121783,9,2,4.5
121822,2,4,0.5
121864,2,6,0.29999999999999999
121893,2,4,0.5
121930,2,2,1
121991,5,1,5
121992,4,2,2
122029,4,2,2
122052,12,2,6
122155,6,6,1
122182,8,2,4
122322,2,2,1
122344,2,6,0.29999999999999999
122413,8,2,4
122482,10,2,5
122514,2,2,1
122598,4,2,2
123014,4,2,2
123034,4,2,2
123044,2,2,1
123046,8,4,2
123209,8,2,4
123221,4,2,2
123241,2,2,1
123413,2,2,1
123527,6,2,3
123707,2,4,0.5
123745,1,1,1
123955,2,2,1
124032,12,6,2
124078,6,2,3
124221,8,2,4
124228,2,1,2
124330,4,2,2
124334,1,1,1
124385,2,2,1
124511,2,3,0.69999999999999996
124534,1,1,1
124559,2,2,1
124617,6,2,3
124626,1,1,1
124686,2,6,0.29999999999999999
124730,12,6,2
124805,3,1,3
124810,2,2,1
124863,4,2,2
124935,2,2,1
125078,2,2,1
125224,2,1,2
125328,8,6,1.3
125396,6,2,3
125415,4,2,2
125450,2,1,2
125465,6,4,1.5
125504,4,2,2
125511,4,6,0.69999999999999996
125532,2,4,0.5
125596,4,2,2
125618,2,2,1
125640,2,4,0.5
125649,1,2,0.5
125659,8,2,4
125733,2,2,1
125767,2,2,1
125821,2,2,1
126001,2,2,1
126020,1,1,1
126078,2,2,1
126079,5,4,1.2
126104,4,2,2
126147,4,2,2
126170,1,1,1
126358,2,2,1
126430,2,4,0.5
126521,22,12,1.8
126573,2,2,1
126574,6,2,3
126596,6,2,3
126703,2,2,1
126776,2,2,1
126859,1,1,1
126902,2,2,1
126957,8,4,2
127045,4,2,2
127134,2,4,0.5
127160,2,2,1
127177,1,2,0.5
127216,2,2,1
127312,3,1,3
127343,6,2,3
127354,2,2,1
127399,1,2,0.5
127419,6,2,3
127423,2,2,1
127459,2,2,1
127471,6,2,3
127491,6,4,1.5
127504,2,1,2
127596,4,2,2
127627,2,2,1
127631,2,1,2
127645,2,2,1
127653,2,4,0.5
127688,4,2,2
127795,10,6,1.7
127893,2,2,1
127921,6,2,3
127942,3,6,0.5
127947,1,1,1
128021,2,14,0.10000000000000001
128046,2,2,1
128119,4,2,2
128163,2,2,1
128416,1,6,0.20000000000000001
128457,1,1,1
128500,3,6,0.5
128571,4,1,4
128592,2,2,1
128686,2,1,2
128754,4,2,2
128765,2,6,0.29999999999999999
128789,6,6,1
128806,6,2,3
128821,2,4,0.5
128829,4,2,2
128837,6,4,1.5
128855,2,1,2
128862,4,2,2
128879,6,2,3
128992,2,2,1
129087,2,2,1
129097,2,6,0.29999999999999999
129172,1,1,1
129191,1,1,1
129248,1,1,1
129264,2,2,1
129349,2,2,1
129432,1,3,0.29999999999999999
129477,4,2,2
129484,4,2,2
129497,4,1,4
129501,4,2,2
129595,4,2,2
129659,26,4,6.5
129702,4,2,2
129703,4,2,2
129705,12,2,6
129712,2,2,1
129795,4,4,1
129858,8,2,4
129909,12,6,2
129928,6,6,1
130028,4,2,2
130036,1,1,1
130084,108,18,6
130148,1,1,1
130165,1,1,1
130281,1,1,1
130505,2,2,1
130532,2,6,0.29999999999999999
130563,1,1,1
130565,6,6,1
130681,1,1,1
130709,2,2,1
130760,4,6,0.69999999999999996
130833,6,6,1
130837,3,1,3
130848,4,4,1
130849,2,1,2
130860,2,2,1
130916,1,1,1
130954,4,2,2
130989,2,4,0.5
131061,1,1,1
131091,6,2,3
131137,2,2,1
131179,4,2,2
131333,2,2,1
131452,1,2,0.5
131459,2,2,1
131500,2,1,2
131552,2,4,0.5
131592,6,6,1
131601,2,1,2
131678,4,2,2
131788,2,2,1
131823,2,2,1
131852,4,2,2
131948,10,2,5
131956,4,2,2
131984,2,2,1
131990,4,3,1.3
131996,4,2,2
132005,2,4,0.5
132056,1,1,1
132145,2,2,1
132230,2,2,1
132254,2,6,0.29999999999999999
132363,6,6,1
132389,9,2,4.5
132390,6,2,3
132414,2,1,2
132453,2,2,1
132459,6,2,3
132495,2,1,2
132532,14,8,1.8
132575,1,1,1
132577,1,1,1
132642,1,1,1
132685,2,2,1
132720,5,2,2.5
132842,2,1,2
132863,2,2,1
132868,2,2,1
132904,3,1,3
132917,2,2,1
132920,6,2,3
132976,2,2,1
132980,2,1,2
133013,6,6,1
133184,2,1,2
133187,6,2,3
133312,11,6,1.8
133403,1,1,1
133427,2,2,1
133505,6,2,3
133587,2,2,1
133683,2,2,1
133931,1,1,1
133936,1,1,1
134062,10,2,5
134196,1,1,1
134208,14,2,7
134224,4,4,1
134245,6,2,3
134277,2,2,1
134347,1,1,1
134351,2,2,1
134352,2,2,1
134431,12,2,6
134486,2,2,1
134555,2,1,2
134587,2,2,1
134612,6,2,3
134721,2,2,1
134765,2,2,1
134776,4,4,1
134824,1,1,1
134950,2,2,1
134978,2,2,1
135021,4,1,4
135153,12,6,2
135189,2,2,1
135254,1,1,1
135258,4,2,2
135308,4,2,2
135341,2,4,0.5
135400,2,2,1
135458,2,2,1
135535,1,1,1
135580,2,2,1
135588,2,2,1
135652,1,1,1
135660,1,2,0.5
135725,2,2,1
135746,4,2,2
135769,1,1,1
135774,1,1,1
135841,2,6,0.29999999999999999
135933,1,1,1
135939,4,2,2
136025,1,1,1
136093,2,2,1
136096,3,2,1.5
136113,2,1,2
136149,2,1,2
136276,1,1,1
136329,4,1,4
136367,8,2,4
136440,1,4,0.20000000000000001
136518,4,2,2
136524,2,1,2
136570,2,2,1
136631,7,2,3.5
136709,2,2,1
136727,36,10,3.6000000000000001
136795,2,2,1
136905,4,2,2
136936,3,1,3
136938,6,2,3
136942,12,2,6
137081,2,4,0.5
137132,2,2,1
137167,2,2,1
137322,8,6,1.3
137328,2,6,0.29999999999999999
137332,8,12,0.69999999999999996
137342,4,2,2
137416,2,2,1
137534,18,2,9
137699,2,2,1
137728,1,1,1
137752,8,2,4
137767,6,1,6
137860,4,1,4
137863,3,2,1.5
138010,2,2,1
138018,2,2,1
138092,6,6,1
138177,2,2,1
138191,14,12,1.2
138223,8,2,4
138279,1,1,1
138332,2,2,1
138351,1,1,1
138367,2,2,1
138380,2,2,1
138521,2,2,1
138533,4,2,2
138558,4,2,2
138580,2,6,0.29999999999999999
138618,1,2,0.5
138694,2,2,1
138766,1,1,1
138800,3,2,1.5
138819,4,2,2
138846,2,2,1
138855,4,2,2
138911,4,2,2
138980,2,1,2
139027,6,4,1.5
139090,2,2,1
139105,2,6,0.29999999999999999
139126,1,1,1
139142,3,1,3
139163,4,2,2
139218,8,2,4
139229,6,3,2
139236,4,2,2
139369,2,2,1
139410,4,2,2
139440,2,4,0.5
139514,2,2,1
139564,4,6,0.69999999999999996
139600,6,6,1
139650,8,6,1.3
139738,1,1,1
139742,2,2,1
139792,4,2,2
139814,2,2,1
139839,2,2,1
139845,2,2,1
139857,1,2,0.5
139972,2,2,1
140070,2,6,0.29999999999999999
140082,6,6,1
140105,2,2,1
140165,3,1,3
140167,2,1,2
140172,6,2,3
140203,2,2,1
140304,1,1,1
140333,2,2,1
140349,2,2,1
140360,4,2,2
140365,6,6,1
140377,1,2,0.5
140393,1,1,1
140472,2,2,1
140559,2,2,1
140573,2,2,1
140589,1,1,1
140632,6,2,3
140654,1,1,1
140677,4,1,4
140681,4,6,0.69999999999999996
140707,2,2,1
140764,2,1,2
140778,2,2,1
140788,2,2,1
140831,2,2,1
140834,8,2,4
140850,1,1,1
140852,1,1,1
140883,2,2,1
140917,8,2,4
140921,2,2,1
140932,1,1,1
141032,1,1,1
141045,3,1,3
141072,6,4,1.5
141093,1,1,1
141105,2,2,1
141107,2,2,1
141111,2,6,0.29999999999999999
141248,1,4,0.20000000000000001
141289,2,1,2
141301,3,2,1.5
141518,2,6,0.29999999999999999
141525,2,2,1
141569,6,2,3
141571,2,2,1
141589,1,2,0.5
141621,6,2,3
141683,2,2,1
141725,4,4,1
141728,2,4,0.5
141746,2,2,1
141747,2,2,1
141798,4,1,4
141870,4,4,1
141900,2,2,1
141928,12,2,6
141963,4,2,2
142021,2,2,1
142122,14,2,7
142140,4,6,0.69999999999999996
142145,6,2,3
142151,2,2,1
142180,12,2,6
142226,4,2,2
142247,2,2,1
142249,6,2,3
142270,6,3,2
142322,1,1,1
142326,2,2,1
142349,6,2,3
142354,3,1,3
142447,6,6,1
142450,8,12,0.69999999999999996
142460,2,2,1
142461,2,2,1
142467,4,4,1
142494,2,2,1
142503,2,4,0.5
142514,2,6,0.29999999999999999
142552,2,2,1
142562,1,4,0.20000000000000001
142566,1,1,1
142577,5,2,2.5
142636,2,4,0.5
142679,2,1,2
142723,2,2,1
142748,4,2,2
142774,1,1,1
142822,1,2,0.5
142830,2,2,1
142835,2,2,1
142854,2,2,1
142923,2,2,1
142988,10,6,1.7
142997,2,2,1
143003,8,4,2
143079,1,1,1
143104,4,2,2
143125,4,2,2
143165,4,2,2
143212,4,2,2
143239,4,2,2
143300,2,3,0.69999999999999996
143317,14,1,14
143446,2,2,1
143480,2,2,1
143526,4,2,2
143577,4,2,2
143578,1,2,0.5
143583,1,1,1
143637,1,1,1
143641,4,2,2
143664,2,4,0.5
143684,1,2,0.5
143692,8,2,4
143738,1,1,1
143742,1,1,1
143753,4,2,2
143787,8,2,4
143875,6,6,1
143897,6,2,3
143899,2,1,2
143963,3,1,3
143997,2,2,1
144004,2,2,1
144021,2,2,1
144026,1,1,1
144034,6,2,3
144092,2,2,1
144179,4,4,1
144198,2,4,0.5
144222,4,2,2
144238,14,6,2.2999999999999998
144273,3,1,3
144307,2,4,0.5
144328,1,1,1
144396,2,6,0.29999999999999999
144522,2,6,0.29999999999999999
144563,1,1,1
144569,2,2,1
144597,4,10,0.40000000000000002
144611,4,2,2
144617,8,2,4
144631,1,2,0.5
144632,3,2,1.5
144648,1,4,0.20000000000000001
144685,18,6,3
144717,2,2,1
144726,6,2,3
144755,2,2,1
144807,6,2,3
144929,12,2,6
144962,2,1,2
145022,1,1,1
145028,1,1,1
145045,2,2,1
145115,2,6,0.29999999999999999
145120,4,4,1
145177,2,2,1
145192,2,4,0.5
145217,12,6,2
145251,4,1,4
145287,4,4,1
145294,2,1,2
145306,6,6,1
145324,2,2,1
145370,6,3,2
145389,4,1,4
145402,8,6,1.3
145406,2,2,1
145415,9,3,3
145460,2,2,1
145515,8,2,4
145530,1,1,1
145570,1,1,1
145741,1,1,1
145756,2,2,1
145811,2,4,0.5
145822,2,2,1
145823,2,2,1
145869,6,2,3
145916,1,1,1
145940,1,1,1
145976,1,2,0.5
146013,1,1,1
146015,2,2,1
146135,2,1,2
146141,2,1,2
146209,1,1,1
146216,4,2,2
146261,6,2,3
146273,2,2,1
146280,2,2,1
146305,2,2,1
146425,4,6,0.69999999999999996
146502,2,4,0.5
146531,2,2,1
146564,1,1,1
146568,2,1,2
146652,1,1,1
146667,8,2,4
146679,2,2,1
146682,2,3,0.69999999999999996
146688,2,2,1
146703,2,2,1
146785,1,2,0.5
146787,4,2,2
146907,6,2,3
146965,2,2,1
147108,4,6,0.69999999999999996
147257,1,1,1
147266,1,1,1
147284,3,1,3
147338,4,2,2
147404,2,2,1
147453,4,2,2
147470,4,2,2
147573,2,2,1
147675,1,2,0.5
147679,12,2,6
147714,4,2,2
147718,6,6,1
147738,6,6,1
147754,2,2,1
147782,1,1,1
147817,2,2,1
147823,2,2,1
147841,4,2,2
147853,4,2,2
147921,2,1,2
147942,4,2,2
147998,2,2,1
148033,2,2,1
148081,2,2,1
148108,1,1,1
148126,2,2,1
148130,2,2,1
148174,1,1,1
148287,1,1,1
148301,2,2,1
148345,1,7,0.10000000000000001
148348,2,2,1
148397,2,2,1
148452,3,1,3
148485,2,1,2
148491,4,2,2
148493,2,2,1
148497,2,2,1
148608,4,2,2
148678,2,1,2
148706,2,2,1
148767,1,1,1
148776,6,2,3
148786,2,2,1
148958,2,4,0.5
148964,2,1,2
149008,4,2,2
149020,12,6,2
149054,6,4,1.5
149137,2,2,1
149171,2,2,1
149266,6,6,1
149329,1,1,1
149341,6,12,0.5
149364,6,2,3
149384,6,3,2
149468,9,7,1.3
149585,10,8,1.2
149591,8,2,4
149706,1,1,1
149732,4,2,2
149753,1,1,1
149805,1,1,1
149844,4,2,2
149845,3,1,3
149922,6,6,1
150069,4,2,2
150156,1,1,1
150196,2,2,1
150220,6,2,3
150230,4,2,2
150243,2,2,1
150270,2,2,1
150336,2,1,2
150375,2,4,0.5
150376,8,5,1.6000000000000001
150395,2,2,1
150396,1,1,1
150457,2,2,1
150663,1,2,0.5
150673,6,2,3
150718,2,1,2
150837,2,1,2
150848,2,2,1
150858,2,2,1
150943,1,1,1
151033,6,6,1
151088,4,2,2
151093,2,2,1
151159,6,2,3
151244,2,2,1
151323,2,2,1
151389,2,1,2
151406,2,2,1
151422,4,2,2
151427,6,2,3
151559,1,1,1
151586,2,2,1
151660,2,2,1
151667,2,2,1
151745,1,1,1
151747,3,1,3
151766,4,2,2
151886,9,6,1.5
151898,1,1,1
151972,2,1,2
151974,2,2,1
151986,2,2,1
151993,2,2,1
152000,1,1,1
152073,14,6,2.2999999999999998
152078,2,2,1
152114,2,1,2
152119,2,4,0.5
152210,8,2,4
152215,12,10,1.2
152256,4,2,2
152285,10,6,1.7
152354,4,2,2
152379,8,4,2
152385,2,2,1
152390,3,3,1
152394,1,1,1
152422,2,2,1
152438,10,2,5
152442,2,2,1
152456,2,2,1
152470,2,2,1
152486,4,2,2
152519,4,2,2
152581,1,1,1
152654,4,2,2
152792,1,1,1
152867,2,2,1
152893,6,1,6
152911,1,1,1
152952,7,2,3.5
153013,2,2,1
153021,4,2,2
153035,4,2,2
153068,6,2,3
153119,12,6,2
153142,2,2,1
153199,2,1,2
153259,2,2,1
153262,1,1,1
153267,6,6,1
153274,8,6,1.3
153301,2,2,1
153338,2,2,1
153340,6,2,3
153341,4,4,1
153348,2,6,0.29999999999999999
153393,2,6,0.29999999999999999
153406,1,1,1
153434,8,1,8
153450,2,2,1
153463,2,2,1
153482,4,2,2
153487,1,1,1
153490,4,4,1
153562,3,1,3
153597,2,1,2
153626,1,3,0.29999999999999999
153675,1,1,1
153735,1,3,0.29999999999999999
153746,2,4,0.5
153826,18,6,3
153862,2,2,1
153873,6,6,1
153898,2,1,2
153921,1,1,1
153931,1,1,1
153938,1,1,1
153944,10,2,5
153960,2,2,1
153972,6,2,3
154007,2,2,1
154051,2,2,1
154092,1,2,0.5
154100,3,1,3
154206,8,2,4
154207,2,2,1
154224,2,2,1
154240,4,4,1
154316,8,8,1
154407,1,1,1
154411,2,2,1
154433,5,2,2.5
154453,2,2,1
154464,4,4,1
154488,4,2,2
154561,1,1,1
154569,1,1,1
154625,2,2,1
154669,2,2,1
154711,4,2,2
154743,24,2,12
154889,4,2,2
154907,1,1,1
154911,8,2,4
154914,6,4,1.5
155023,3,6,0.5
155072,4,2,2
155192,2,4,0.5
155222,2,2,1
155249,2,2,1
155264,2,2,1
155281,10,6,1.7
155315,2,2,1
155415,2,2,1
155417,15,2,7.5
155420,6,2,3
155461,2,4,0.5
155476,12,2,6
155477,3,1,3
155571,2,2,1
155576,6,2,3
155752,2,4,0.5
155769,6,7,0.90000000000000002
155825,2,2,1
155888,2,2,1
155917,4,2,2
155997,6,2,3
156005,8,2,4
156022,2,2,1
156038,2,2,1
156044,1,1,1
156130,2,6,0.29999999999999999
156191,8,2,4
156193,2,2,1
156222,4,2,2
156231,1,1,1
156329,2,4,0.5
156359,1,1,1
156396,4,2,2
156434,2,2,1
156473,1,1,1
156478,2,1,2
156486,2,2,1
156488,1,1,1
156504,12,2,6
156557,6,6,1
156581,5,1,5
156588,1,1,1
156622,1,1,1
156624,4,2,2
156654,2,2,1
156685,3,2,1.5
156687,2,2,1
156691,1,1,1
156698,2,2,1
156723,2,2,1
156748,2,2,1
156755,2,2,1
156782,6,2,3
156783,2,2,1
156836,2,2,1
156917,4,2,2
156939,2,2,1
156994,2,2,1
157013,4,2,2
157018,2,2,1
157049,2,2,1
157051,2,1,2
157058,2,1,2
157076,2,2,1
157077,1,1,1
157154,2,2,1
157185,4,2,2
157197,1,1,1
157257,2,2,1
157261,2,2,1
157281,2,6,0.29999999999999999
157296,2,2,1
157300,1,1,1
157328,8,2,4
157331,12,6,2
157361,1,1,1
157451,2,2,1
157458,2,1,2
157590,4,2,2
157761,2,2,1
157811,3,2,1.5
157813,4,2,2
157823,4,2,2
157833,2,2,1
157866,1,1,1
157867,1,3,0.29999999999999999
157911,1,1,1
157919,2,2,1
157971,4,2,2
157979,2,2,1
158003,2,2,1
158152,16,2,8
158168,2,1,2
158201,2,8,0.20000000000000001
158275,4,2,2
158279,2,2,1
158282,4,2,2
158293,1,1,1
158369,2,2,1
158456,2,1,2
158468,1,1,1
158497,28,12,2.2999999999999998
158504,1,1,1
158518,2,2,1
158519,2,1,2
158529,2,2,1
158557,4,2,2
158601,1,1,1
158607,2,1,2
158617,1,1,1
158672,2,2,1
158699,2,4,0.5
158726,2,2,1
158789,6,2,3
158792,3,3,1
158857,4,2,2
158976,2,2,1
159010,2,1,2
159027,2,2,1
159151,4,2,2
159162,1,2,0.5
159175,2,12,0.20000000000000001
159177,8,2,4
159178,20,6,3.2999999999999998
159182,4,2,2
159191,8,6,1.3
159251,2,2,1
159293,4,4,1
159310,2,1,2
159327,4,2,2
159349,2,2,1
159370,8,6,1.3
159388,2,2,1
159410,2,4,0.5
159433,1,1,1
159459,2,2,1
159537,2,2,1
159566,2,2,1
159637,2,2,1
159658,2,2,1
159752,1,1,1
159753,2,2,1
159876,1,1,1
159911,1,2,0.5
159968,2,2,1
160050,2,2,1
160063,2,2,1
160088,4,2,2
160096,6,4,1.5
160107,2,2,1
160151,2,2,1
160199,2,2,1
160253,2,4,0.5
160256,6,2,3
160346,2,2,1
160372,12,2,6
160375,4,2,2
160381,2,2,1
160477,20,2,10
160479,2,1,2
160597,2,2,1
160613,4,2,2
160629,2,2,1
160659,3,3,1
160674,6,4,1.5
160677,6,2,3
160695,2,2,1
160701,2,2,1
160776,2,2,1
160791,2,2,1
160796,4,2,2
160797,1,1,1
160817,6,6,1
160861,4,2,2
160865,6,3,2
160879,2,2,1
161025,3,1,3
161039,1,1,1
161048,2,2,1
161062,2,1,2
161077,1,1,1
161085,6,1,6
161095,6,2,3
161180,2,1,2
161215,3,1,3
161217,3,3,1
161232,1,1,1
161289,1,2,0.5
161324,6,2,3
161344,4,2,2
161367,2,4,0.5
161408,1,1,1
161442,4,2,2
161519,2,2,1
161531,2,2,1
161555,2,2,1
161600,4,4,1
161601,3,1,3
161605,3,4,0.80000000000000004
161611,2,2,1
161628,2,2,1
161736,2,2,1
161741,6,2,3
161757,8,6,1.3
161780,2,2,1
161817,2,2,1
161844,2,2,1
161972,2,2,1
161980,2,1,2
162020,2,2,1
162027,2,2,1
162056,4,2,2
162131,2,2,1
162195,2,2,1
162215,1,2,0.5
162252,2,6,0.29999999999999999
162268,2,2,1
162274,3,1,3
162328,2,1,2
162338,1,1,1
162405,4,2,2
162414,12,2,6
162417,2,4,0.5
162481,2,2,1
162492,1,1,1
162554,2,2,1
162582,2,2,1
162674,2,6,0.29999999999999999
162683,2,2,1
162728,12,2,6
162752,10,2,5
162785,8,2,4
162805,2,2,1
162826,2,2,1
162838,2,2,1
162943,12,2,6
162958,4,2,2
162979,2,2,1
163005,2,4,0.5
163012,2,2,1
163102,2,2,1
163163,6,2,3
163186,2,2,1
163200,2,2,1
163209,1,1,1
163289,2,2,1
163364,4,2,2
163400,5,4,1.2
163412,2,4,0.5
163444,1,1,1
163448,1,6,0.20000000000000001
163455,2,2,1
163555,1,1,1
163563,1,1,1
163567,14,2,7
163569,14,2,7
163607,3,5,0.59999999999999998
163624,8,6,1.3
163630,3,3,1
163647,2,2,1
163714,20,6,3.2999999999999998
163721,1,2,0.5
163767,4,2,2
163779,2,2,1
163787,2,2,1
163818,2,2,1
163847,2,2,1
163886,6,6,1
163896,2,4,0.5
163897,1,1,1
163899,4,2,2
163939,4,2,2
163969,6,6,1
163995,3,3,1
164001,2,1,2
164007,1,1,1
164063,8,4,2
164091,2,1,2
164094,4,2,2
164107,1,1,1
164143,10,8,1.2
164147,20,6,3.2999999999999998
164150,20,6,3.2999999999999998
164152,20,6,3.2999999999999998
164193,1,2,0.5
164203,1,1,1
164222,2,2,1
164236,2,2,1
164268,2,2,1
164279,1,1,1
164284,12,6,2
164363,2,2,1
164379,6,6,1
164426,2,2,1
164439,2,2,1
164461,2,2,1
164503,2,1,2
164528,2,2,1
164544,4,2,2
164609,2,4,0.5
164660,1,1,1
164666,2,2,1
164675,3,4,0.80000000000000004
164700,2,2,1
164707,2,2,1
164732,4,2,2
164733,1,1,1
164735,2,2,1
164752,2,2,1
164772,6,6,1
164918,2,1,2
164949,8,2,4
165008,2,2,1
165014,2,1,2
165145,2,2,1
165176,2,2,1
165190,1,1,1
165233,6,2,3
165250,1,1,1
165256,6,2,3
165261,2,2,1
165266,2,2,1
165267,2,2,1
165288,8,2,4
165355,6,2,3
165369,4,2,2
165428,4,4,1
165439,1,1,1
165463,8,6,1.3
165492,8,2,4
165512,10,2,5
165520,2,2,1
165524,6,6,1
165549,2,2,1
165573,2,2,1
165586,2,4,0.5
165588,3,2,1.5
165617,7,2,3.5
165621,2,2,1
165623,2,2,1
165662,2,2,1
165673,2,2,1
165695,2,2,1
165700,2,2,1
165739,4,2,2
165782,1,1,1
165800,4,2,2
165837,2,2,1
165894,1,1,1
165912,2,2,1
165918,4,2,2
165938,2,2,1
165960,12,2,6
166000,3,1,3
166029,3,3,1
166078,3,1,3
166098,8,2,4
166182,2,4,0.5
166197,14,6,2.2999999999999998
166211,2,2,1
166215,6,2,3
166220,2,3,0.69999999999999996
166242,2,2,1
166270,6,2,3
166303,2,2,1
166361,4,2,2
166433,1,1,1
166436,2,2,1
166449,2,2,1
166466,6,6,1
166477,6,2,3
166491,8,2,4
166492,6,2,3
166516,2,2,1
166538,2,2,1
166562,2,2,1
166608,6,6,1
166615,2,2,1
166626,2,2,1
166655,1,2,0.5
166667,2,4,0.5
166687,4,2,2
166692,2,2,1
166727,4,2,2
166806,2,2,1
166814,5,2,2.5
166849,8,2,4
166860,2,2,1
166885,2,1,2
166901,8,6,1.3
166920,6,2,3
166936,1,1,1
166993,6,2,3
167008,6,2,3
167036,4,2,2
167069,4,2,2
167095,2,2,1
167123,2,2,1
167143,2,2,1
167198,1,2,0.5
167273,2,2,1
167375,4,2,2
167403,3,1,3
167444,6,6,1
167445,8,2,4
167526,16,2,8
167528,4,1,4
167541,2,2,1
167564,2,6,0.29999999999999999
167566,2,2,1
167583,2,2,1
167589,2,6,0.29999999999999999
167597,2,2,1
167617,2,2,1
167649,4,2,2
167704,5,2,2.5
167764,2,12,0.20000000000000001
167775,1,1,1
167832,4,2,2
167871,14,3,4.7000000000000002
167872,3,2,1.5
167876,1,1,1
167896,2,2,1
167929,4,2,2
167974,3,1,3
167976,2,2,1
167996,2,2,1
168103,2,1,2
168145,6,2,3
168170,6,2,3
168188,4,2,2
168191,4,2,2
168203,8,6,1.3
168207,2,2,1
168209,1,1,1
168278,2,2,1
168319,2,2,1
168322,2,2,1
168329,6,2,3
168352,10,2,5
168379,1,1,1
168397,3,1,3
168398,1,2,0.5
168399,2,2,1
168408,2,2,1
168438,1,1,1
168451,2,2,1
168497,2,2,1
168512,2,1,2
168518,6,2,3
168521,2,2,1
168545,2,2,1
168549,1,1,1
168578,2,2,1
168598,6,6,1
168615,6,2,3
168619,2,2,1
168656,22,2,11
168693,2,2,1
168710,6,2,3
168718,1,1,1
168719,2,2,1
168738,2,2,1
168743,2,1,2
168782,4,4,1
168814,1,1,1
168847,4,2,2
168879,2,2,1
168887,2,2,1
168897,6,12,0.5
168910,2,2,1
168921,2,2,1
168939,4,2,2
168942,2,4,0.5
169053,4,2,2
169064,1,1,1
169080,6,2,3
169101,12,6,2
169152,1,1,1
169160,1,1,1
169203,6,12,0.5
169214,2,2,1
169250,2,4,0.5
169275,1,1,1
169277,2,4,0.5
169287,6,4,1.5
169301,4,2,2
169325,2,2,1
169350,1,1,1
169368,2,2,1
169435,2,2,1
169495,2,2,1
169510,1,1,1
169539,1,1,1
169552,2,2,1
169589,4,2,2
169616,2,2,1
169638,2,1,2
169643,4,2,2
169663,2,2,1
169682,2,2,1
169736,4,2,2
169751,1,1,1
169759,1,1,1
169784,2,2,1
169816,2,2,1
169869,2,2,1
169886,2,2,1
169891,4,2,2
169901,6,6,1
169956,6,2,3
169958,2,2,1
170036,2,2,1
170038,6,6,1
170063,2,6,0.29999999999999999
170067,4,2,2
170071,2,2,1
170114,9,4,2.2000000000000002
170164,2,2,1
170207,6,4,1.5
170245,4,2,2
170246,2,2,1
170272,2,2,1
170298,6,2,3
170337,5,2,2.5
170365,6,2,3
170399,1,1,1
170403,4,2,2
170406,4,6,0.69999999999999996
170419,4,2,2
170445,1,1,1
170448,2,2,1
170509,6,6,1
170523,2,1,2
170568,6,6,1
170586,2,2,1
170615,1,1,1
170636,2,2,1
170648,2,2,1
170658,3,1,3
170659,2,2,1
170663,6,2,3
170678,2,2,1
170762,2,4,0.5
170771,2,2,1
170838,6,6,1
170844,2,2,1
170847,2,2,1
170860,2,8,0.20000000000000001
170861,2,2,1
170862,3,1,3
170875,6,2,3
170927,2,2,1
170951,1,2,0.5
170971,2,2,1
171004,2,2,1
171007,8,2,4
171024,4,4,1
171063,6,2,3
171091,2,4,0.5
171124,2,2,1
171132,1,1,1
171133,1,1,1
171157,2,2,1
171162,2,2,1
171177,2,2,1
171178,4,4,1
171196,2,2,1
171240,6,2,3
171247,1,1,1
171279,12,2,6
171286,6,4,1.5
171318,2,2,1
171333,2,2,1
171347,6,2,3
171348,2,2,1
171363,10,2,5
171423,2,6,0.29999999999999999
171429,2,2,1
171475,2,2,1
171505,2,2,1
171593,2,1,2
171612,2,2,1
171655,2,2,1
171674,2,2,1
171802,1,1,1
171817,18,6,3
171833,1,1,1
171834,4,12,0.29999999999999999
171875,1,3,0.29999999999999999
171900,2,2,1
171908,4,2,2
171933,6,12,0.5
171958,2,2,1
171971,2,2,1
171973,2,1,2
172000,4,2,2
172017,2,2,1
172022,2,1,2
172101,1,1,1
172118,12,2,6
172143,2,2,1
172146,4,6,0.69999999999999996
172192,2,1,2
172204,1,1,1
172208,2,2,1
172221,2,2,1
172231,4,2,2
172238,2,2,1
172240,2,6,0.29999999999999999
172255,4,2,2
172293,4,2,2
172305,2,2,1
172361,6,2,3
172366,2,2,1
172460,4,6,0.69999999999999996
172501,1,2,0.5
172506,2,2,1
172536,2,2,1
172555,24,6,4
172566,1,1,1
172570,2,2,1
172575,2,2,1
172587,1,1,1
172620,2,2,1
172654,1,1,1
172741,1,1,1
172844,6,2,3
172949,2,2,1
172983,1,2,0.5
173019,2,2,1
173050,2,1,2
173071,2,2,1
173115,2,2,1
173157,4,2,2
173174,2,2,1
173196,2,2,1
173231,10,2,5
173247,1,1,1
173254,2,1,2
173273,6,6,1
173290,2,2,1
173303,3,2,1.5
173366,3,1,3
173455,2,2,1
173516,6,2,3
173520,2,2,1
173531,20,6,3.2999999999999998
173537,10,2,5
173553,2,2,1
173568,2,2,1
173605,2,2,1
173697,2,2,1
173709,6,2,3
173710,4,6,0.69999999999999996
173733,1,1,1
173755,2,2,1
173829,5,2,2.5
173852,4,2,2
173853,2,2,1
173914,2,1,2
173947,2,2,1
173973,2,2,1
173980,1,1,1
173997,2,1,2
174014,10,4,2.5
174079,4,4,1
174081,2,1,2
174083,1,1,1
174153,2,6,0.29999999999999999
174171,4,1,4
174184,6,2,3
174298,3,1,3
174363,2,2,1
174376,2,2,1
174385,8,6,1.3
174387,2,2,1
174440,3,4,0.80000000000000004
174443,2,2,1
174490,4,2,2
174522,2,2,1
174536,1,1,1
174547,3,6,0.5
174554,10,2,5
174674,2,2,1
174790,2,2,1
174820,2,2,1
174903,2,4,0.5
174985,2,2,1
174999,4,4,1
175014,2,2,1
175015,2,2,1
175020,1,1,1
175077,6,6,1
175104,4,2,2
175142,6,4,1.5
175185,1,2,0.5
175189,2,2,1
175192,2,2,1
175280,2,2,1
175295,2,2,1
175296,2,2,1
175333,6,6,1
175360,4,2,2
175371,2,2,1
175424,3,1,3
175510,2,2,1
175536,8,8,1
175583,4,2,2
175585,2,2,1
175605,12,2,6
175621,4,2,2
175632,8,2,4
175667,2,2,1
175729,4,2,2
175740,4,2,2
175762,6,6,1
175787,3,2,1.5
175799,6,2,3
175833,2,1,2
175879,2,2,1
175885,4,2,2
175907,2,2,1
175932,4,2,2
175981,6,2,3
176013,2,2,1
176096,1,2,0.5
176130,2,2,1
176197,1,1,1
176205,2,2,1
176210,4,4,1
176240,4,2,2
176246,14,2,7
176305,6,4,1.5
176320,4,2,2
176340,2,2,1
176350,2,2,1
176369,8,6,1.3
176370,18,2,9
176444,4,2,2
176449,4,2,2
176456,2,2,1
176464,2,1,2
176468,4,2,2
176516,1,2,0.5
176545,2,2,1
176552,6,6,1
176585,2,2,1
176633,2,2,1
176660,4,2,2
176711,2,2,1
176725,4,2,2
176729,2,2,1
176739,2,2,1
176741,2,2,1
176763,8,2,4
176865,2,1,2
176869,1,1,1
176911,4,4,1
176945,4,1,4
176967,2,2,1
177012,1,1,1
177017,2,2,1
177019,2,1,2
177077,2,2,1
177110,2,2,1
177130,4,2,2
177147,1,1,1
177203,2,2,1
177208,6,6,1
177212,2,4,0.5
177221,2,2,1
177282,2,2,1
177286,6,2,3
177304,4,2,2
177350,2,2,1
177370,4,2,2
177376,15,6,2.5
177415,2,2,1
177422,2,2,1
177424,1,1,1
177425,1,1,1
177432,6,6,1
177436,2,12,0.20000000000000001
177446,2,2,1
177476,2,2,1
177487,6,1,6
177597,2,2,1
177628,2,2,1
177672,12,12,1
177678,2,2,1
177712,2,2,1
177742,4,2,2
177747,2,2,1
177786,4,2,2
177818,2,1,2
177854,6,2,3
177860,2,2,1
177894,2,2,1
177938,2,2,1
177970,4,1,4
178009,4,4,1
178042,2,2,1
178111,4,2,2
178132,6,6,1
178136,2,2,1
178165,2,1,2
178170,2,2,1
178224,2,1,2
178231,2,2,1
178239,6,2,3
178242,6,2,3
178249,1,1,1
178259,2,1,2
178264,4,2,2
178325,1,2,0.5
178415,6,2,3
178426,2,1,2
178474,28,2,14
178475,6,2,3
178498,1,1,1
178519,4,2,2
178545,2,2,1
178571,2,2,1
178586,2,2,1
178595,2,4,0.5
178667,1,1,1
178688,2,1,2
178709,4,4,1
178718,2,2,1
178767,6,2,3
178799,6,4,1.5
178841,2,2,1
178863,2,2,1
178894,2,2,1
178921,2,2,1
178926,4,1,4
178962,12,2,6
178971,12,6,2
178974,1,1,1
179013,6,6,1
179028,1,2,0.5
179035,10,2,5
179065,4,8,0.5
179072,14,8,1.8
179107,2,6,0.29999999999999999
179183,4,2,2
179225,2,2,1
179227,3,1,3
179294,2,2,1
179309,2,2,1
179326,3,1,3
179365,10,2,5
179397,8,2,4
179415,2,2,1
179472,4,4,1
179492,2,2,1
179509,6,2,3
179604,2,2,1
179735,1,2,0.5
179845,5,1,5
179945,4,2,2
179959,4,2,2
179960,6,2,3
180001,1,1,1
180004,2,2,1
180070,4,2,2
180077,2,2,1
180124,4,2,2
180145,2,2,1
180160,2,2,1
180170,2,2,1
180256,1,1,1
180305,1,1,1
180308,1,1,1
180338,2,2,1
180355,10,2,5
180376,2,2,1
180403,2,2,1
180406,4,4,1
180430,1,2,0.5
180459,2,4,0.5
180568,6,2,3
180584,2,2,1
180622,10,2,5
180640,4,2,2
180644,2,4,0.5
180647,2,4,0.5
180660,2,4,0.5
180797,12,6,2
180905,2,2,1
180909,2,1,2
180936,4,4,1
181028,4,2,2
181046,2,4,0.5
181067,2,2,1
181100,2,2,1
181104,2,2,1
181150,2,2,1
181152,1,1,1
181157,2,2,1
181218,10,6,1.7
181257,2,2,1
181265,2,2,1
181317,2,2,1
181350,6,2,3
181392,6,2,3
181393,2,2,1
181401,3,2,1.5
181406,3,1,3
181418,4,2,2
181436,6,2,3
181503,2,2,1
181530,1,1,1
181539,2,2,1
181551,8,6,1.3
181589,1,1,1
181632,2,3,0.69999999999999996
181741,2,2,1
181776,4,2,2
181823,2,1,2
181928,3,6,0.5
182007,1,1,1
182027,2,6,0.29999999999999999
182073,2,2,1
182095,1,1,1
182186,2,2,1
182259,6,6,1
182299,2,2,1
182360,1,1,1
182369,1,1,1
182398,2,2,1
182430,4,2,2
182456,2,6,0.29999999999999999
182497,2,2,1
182615,2,2,1
182645,2,2,1
182732,2,2,1
182748,1,1,1
182826,6,2,3
182848,2,2,1
182904,1,1,1
182908,4,2,2
182936,4,2,2
182962,12,4,3
183023,6,2,3
183026,4,2,2
183031,6,4,1.5
183105,12,6,2
183116,6,2,3
183140,2,3,0.69999999999999996
183174,2,2,1
183228,1,1,1
183236,12,2,6
183294,12,6,2
183309,2,2,1
183339,1,1,1
183375,12,6,2
183445,8,2,4
183449,12,2,6
183451,2,2,1
183464,1,1,1
183522,1,1,1
183533,4,2,2
183546,6,6,1
183561,3,1,3
183577,4,4,1
183627,4,2,2
183717,8,18,0.40000000000000002
183733,2,2,1
183832,3,4,0.80000000000000004
183842,1,1,1
183870,1,1,1
183872,4,2,2
183958,2,2,1
183971,4,2,2
183999,4,2,2
184092,2,2,1
184129,1,2,0.5
184192,8,2,4
184248,10,2,5
184260,1,1,1
184264,2,4,0.5
184327,2,2,1
184335,6,4,1.5
184363,4,2,2
184373,1,1,1
184445,2,2,1
184447,2,2,1
184457,2,8,0.20000000000000001
184458,2,4,0.5
184493,6,2,3
184509,4,2,2
184525,2,6,0.29999999999999999
184582,10,2,5
184605,2,2,1
184612,2,4,0.5
184639,6,6,1
184673,3,1,3
184721,2,1,2
184779,2,4,0.5
184786,10,8,1.2
184841,2,4,0.5
184908,1,1,1
184981,2,2,1
185001,4,4,1
185024,10,4,2.5
185044,2,2,1
185047,6,12,0.5
185078,2,2,1
185162,6,2,3
185179,10,2,5
185189,2,2,1
185213,1,1,1
185225,4,2,2
185240,4,2,2
185255,2,2,1
185265,1,1,1
185280,6,2,3
185284,14,2,7
185289,8,2,4
185308,4,2,2
185335,2,2,1
185386,2,2,1
185408,2,2,1
185440,8,2,4
185475,6,2,3
185480,2,2,1
185503,2,2,1
185518,2,2,1
185526,2,2,1
185550,2,2,1
185672,2,2,1
185825,6,12,0.5
185833,2,4,0.5
185903,2,2,1
185913,2,2,1
185916,4,6,0.69999999999999996
185938,6,2,3
185949,4,4,1
185958,1,1,1
186025,2,1,2
186026,1,1,1
186043,1,1,1
186058,4,2,2
186072,3,2,1.5
186074,1,1,1
186097,4,2,2
186103,2,2,1
186151,2,4,0.5
186166,3,1,3
186191,2,2,1
186196,2,4,0.5
186229,2,2,1
186285,2,4,0.5
186320,4,2,2
186327,6,6,1
186400,4,4,1
186406,2,2,1
186496,3,3,1
186509,3,2,1.5
186532,2,2,1
186563,4,2,2
186574,2,2,1
186600,2,2,1
186630,4,2,2
186666,8,2,4
186681,20,10,2
186732,2,2,1
186746,2,1,2
186772,2,2,1
186848,2,2,1
186851,2,2,1
186894,6,2,3
186952,1,1,1
186989,1,2,0.5
186995,1,1,1
187004,2,1,2
187103,2,2,1
187198,9,3,3
187231,2,2,1
187253,6,6,1
187301,2,1,2
187312,4,2,2
187400,4,2,2
187447,1,1,1
187489,2,2,1
187497,10,4,2.5
187511,1,1,1
187600,2,2,1
187628,6,8,0.80000000000000004
187630,8,2,4
187649,3,1,3
187651,2,2,1
187664,1,1,1
187689,4,4,1
187722,2,2,1
187733,2,2,1
187832,8,2,4
187840,2,2,1
187849,6,2,3
187869,2,2,1
187874,2,4,0.5
187877,2,1,2
187882,1,1,1
187893,2,2,1
187956,2,2,1
187990,4,2,2
188000,2,2,1
188034,6,6,1
188086,2,2,1
188137,2,2,1
188159,2,2,1
188176,2,2,1
188214,2,1,2
188215,2,2,1
188247,2,2,1
188271,4,1,4
188273,1,1,1
188283,12,6,2
188312,2,2,1
188323,1,1,1
188326,4,2,2
188347,2,2,1
188352,4,2,2
188370,1,1,1
188392,2,2,1
188407,2,2,1
188411,14,2,7
188415,2,2,1
188416,1,2,0.5
188432,6,2,3
188612,2,2,1
188622,2,2,1
188638,2,2,1
188652,1,2,0.5
188715,12,6,2
188721,1,1,1
188752,4,2,2
188753,2,2,1
188810,2,4,0.5
188896,4,2,2
188965,8,6,1.3
188981,2,2,1
189005,2,2,1
189010,2,2,1
189012,4,2,2
189032,1,2,0.5
189040,2,2,1
189061,8,6,1.3
189069,14,2,7
189080,2,2,1
189085,8,2,4
189119,2,2,1
189203,2,2,1
189204,1,1,1
189219,2,2,1
189231,2,2,1
189245,4,2,2
189265,2,2,1
189275,1,1,1
189278,2,2,1
189282,2,2,1
189293,12,2,6
189304,2,1,2
189338,2,2,1
189350,2,2,1
189433,2,2,1
189465,4,1,4
189469,1,1,1
189484,6,18,0.29999999999999999
189502,2,1,2
189505,1,1,1
189530,2,2,1
189540,2,2,1
189545,1,2,0.5
189661,2,2,1
189665,2,2,1
189752,1,1,1
189963,1,2,0.5
190047,10,6,1.7
190087,4,2,2
190136,2,2,1
190162,2,6,0.29999999999999999
190170,2,2,1
190255,3,2,1.5
190294,1,1,1
190344,2,1,2
190351,1,1,1
190383,1,1,1
190399,21,9,2.2999999999999998
190457,1,2,0.5
190471,2,2,1
190483,1,1,1
190485,4,4,1
190534,2,6,0.29999999999999999
190544,2,2,1
190547,2,4,0.5
190568,2,3,0.69999999999999996
190574,4,2,2
190602,4,2,2
190605,7,2,3.5
190710,2,2,1
190719,4,2,2
190727,2,1,2
190728,2,2,1
190770,6,2,3
190779,8,2,4
190789,4,2,2
190816,6,4,1.5
190889,2,2,1
190978,2,2,1
191024,1,1,1
191075,2,2,1
191083,4,2,2
191085,2,2,1
191117,2,2,1
191130,1,1,1
191133,6,2,3
191136,6,4,1.5
191147,2,2,1
191161,6,2,3
191166,2,2,1
191251,1,1,1
191319,2,2,1
191345,12,6,2
191381,2,2,1
191401,1,1,1
191423,8,4,2
191453,2,2,1
191463,6,10,0.59999999999999998
191513,2,2,1
191531,2,2,1
191539,1,1,1
191555,2,2,1
191647,4,2,2
191738,3,1,3
191761,1,1,1
191763,10,2,5
191764,2,2,1
191875,2,2,1
191900,1,1,1
191940,2,2,1
191941,1,1,1
191956,2,2,1
191968,2,1,2
191969,10,2,5
191973,2,2,1
191989,2,2,1
192033,2,6,0.29999999999999999
192063,4,2,2
192102,2,6,0.29999999999999999
192124,6,6,1
192130,1,2,0.5
192152,6,6,1
192183,4,2,2
192185,2,1,2
192280,2,2,1
192305,2,1,2
192330,2,2,1
192341,2,2,1
192413,6,6,1
192433,2,2,1
192541,1,1,1
192565,2,2,1
192652,2,2,1
192678,2,4,0.5
192682,4,2,2
192686,1,1,1
192706,2,2,1
192740,2,6,0.29999999999999999
192760,3,2,1.5
192774,2,2,1
192797,2,6,0.29999999999999999
192806,2,1,2
192813,1,12,0.10000000000000001
192825,2,2,1
192878,1,1,1
192900,18,6,3
192907,8,4,2
192911,2,2,1
192949,2,2,1
193008,2,1,2
193019,26,4,6.5
193033,6,6,1
193042,14,2,7
193053,26,2,13
193090,2,2,1
193091,2,2,1
193092,2,2,1
193130,6,8,0.80000000000000004
193157,4,4,1
193161,4,4,1
193170,6,6,1
193201,1,1,1
193242,12,2,6
193268,2,2,1
193270,4,6,0.69999999999999996
193271,2,2,1
193322,2,1,2
193374,2,6,0.29999999999999999
193397,1,1,1
193448,2,6,0.29999999999999999
193451,2,2,1
193555,2,2,1
193570,1,1,1
193584,5,2,2.5
193593,1,1,1
193656,1,1,1
193721,2,1,2
193722,2,2,1
193750,4,1,4
193767,2,2,1
193776,1,1,1
193789,2,2,1
193815,4,2,2
193818,2,2,1
193877,2,2,1
193933,6,2,3
193940,2,2,1
193942,1,1,1
193958,4,2,2
193965,2,2,1
193968,2,2,1
193977,2,2,1
194004,2,2,1
194021,1,1,1
194028,4,4,1
194029,4,2,2
194097,2,2,1
194163,8,2,4
194164,6,1,6
194184,1,2,0.5
194209,12,2,6
194216,6,2,3
194222,2,2,1
194278,10,2,5
194307,4,2,2
194315,6,2,3
194319,4,2,2
194321,4,2,2
194322,3,6,0.5
194329,1,1,1
194332,2,2,1
194380,8,2,4
194382,8,2,4
194398,6,2,3
194457,2,2,1
194483,6,2,3
194498,6,2,3
194505,1,2,0.5
194537,2,6,0.29999999999999999
194582,4,2,2
194613,4,2,2
194650,1,1,1
194732,6,6,1
194741,2,2,1
194746,2,2,1
194748,2,6,0.29999999999999999
194783,2,2,1
194801,2,2,1
194936,2,2,1
194960,2,4,0.5
194964,2,2,1
195015,3,1,3
195050,2,2,1
195119,8,6,1.3
195150,2,1,2
195154,1,1,1
195175,2,4,0.5
195198,2,4,0.5
195271,2,8,0.20000000000000001
195304,2,2,1
195319,2,2,1
195321,1,1,1
195324,2,2,1
195349,2,1,2
195406,10,2,5
195430,4,2,2
195455,2,2,1
195506,4,1,4
195514,1,1,1
195523,4,2,2
195551,2,2,1
195572,1,2,0.5
195576,2,3,0.69999999999999996
195678,2,2,1
195742,2,2,1
195743,6,6,1
195770,8,6,1.3
195794,4,2,2
195811,4,6,0.69999999999999996
195851,4,2,2
195929,8,2,4
195947,2,1,2
195967,3,4,0.80000000000000004
195999,2,2,1
196011,2,2,1
196019,2,2,1
196021,2,2,1
196051,2,2,1
196076,1,1,1
196092,2,8,0.20000000000000001
196137,2,2,1
196183,4,2,2
196245,2,2,1
196251,2,3,0.69999999999999996
196252,1,1,1
196286,2,2,1
196303,2,1,2
196322,6,6,1
196352,2,2,1
196395,6,6,1
196527,6,6,1
196535,1,1,1
196546,16,8,2
196596,4,2,2
196608,12,8,1.5
196609,2,2,1
196636,10,6,1.7
196638,2,2,1
196724,2,2,1
196730,2,4,0.5
196737,2,2,1
196772,1,1,1
196785,2,2,1
196790,2,2,1
196804,2,2,1
196825,3,2,1.5
196843,2,2,1
196855,2,2,1
196864,12,2,6
196867,4,2,2
196909,2,2,1
196917,4,2,2
196962,2,2,1
196981,6,4,1.5
197034,2,1,2
197052,2,2,1
197067,6,6,1
197079,2,1,2
197097,6,6,1
197098,1,1,1
197132,1,1,1
197182,2,1,2
197204,1,1,1
197239,2,1,2
197243,2,2,1
197310,2,2,1
197398,2,2,1
197422,1,1,1
197438,2,6,0.29999999999999999
197469,2,4,0.5
197510,2,2,1
197513,4,6,0.69999999999999996
197515,2,1,2
197566,2,6,0.29999999999999999
197608,4,2,2
197609,12,6,2
197627,2,2,1
197639,1,1,1
197643,1,1,1
197648,2,2,1
197655,4,2,2
197664,12,12,1
197691,1,1,1
197693,4,4,1
197708,4,8,0.5
197807,6,2,3
197816,7,6,1.2
197844,2,2,1
197868,2,2,1
197870,4,2,2
197912,6,6,1
197943,2,2,1
197956,6,3,2
197987,2,1,2
197991,2,2,1
198008,18,2,9
198033,2,2,1
198065,1,2,0.5
198155,12,6,2
198192,1,1,1
198260,2,2,1
198310,2,2,1
198316,2,2,1
198343,2,2,1
198372,1,1,1
198383,4,2,2
198387,2,2,1
198396,1,1,1
198423,2,2,1
198426,2,1,2
198481,4,6,0.69999999999999996
198500,1,2,0.5
198575,2,2,1
198715,2,1,2
198737,1,2,0.5
198749,2,6,0.29999999999999999
198758,6,6,1
198769,2,1,2
198828,8,2,4
198835,1,1,1
198862,12,12,1
198913,8,2,4
198945,2,2,1
198968,4,2,2
199008,5,2,2.5
199012,14,2,7
199023,12,1,12
199034,1,1,1
199039,2,1,2
199071,22,8,2.7999999999999998
199080,2,1,2
199105,2,4,0.5
199119,2,2,1
199137,2,2,1
199154,2,2,1
199160,1,1,1
199162,4,2,2
199207,2,2,1
199210,1,2,0.5
199211,1,1,1
199249,2,1,2
199258,2,2,1
199313,1,1,1
199332,1,1,1
199339,6,2,3
199366,1,1,1
199370,2,2,1
199404,6,4,1.5
199417,16,8,2
199418,4,2,2
199446,6,4,1.5
199474,2,2,1
199526,2,2,1
199542,2,2,1
199602,2,6,0.29999999999999999
199628,10,2,5
199634,2,2,1
199651,2,4,0.5
199660,2,6,0.29999999999999999
199663,2,2,1
199674,2,4,0.5
199675,2,2,1
199731,2,1,2
199842,3,3,1
199854,1,1,1
199877,4,2,2
199892,4,2,2
199965,4,2,2
199966,2,2,1
199967,16,4,4
199993,3,1,3
200055,2,2,1
200109,2,2,1
200122,2,1,2
200140,2,2,1
200174,2,2,1
200188,2,4,0.5
200219,2,2,1
200243,4,2,2
200279,8,1,8
200284,2,2,1
200331,12,2,6
200335,6,6,1
200347,6,2,3
200352,4,4,1
200354,1,1,1
200387,1,2,0.5
200391,6,6,1
200493,4,2,2
200496,2,2,1
200518,2,2,1
200522,10,6,1.7
200529,2,2,1
200539,2,2,1
200555,3,2,1.5
200560,2,2,1
200624,16,8,2
200634,2,2,1
200690,2,4,0.5
200691,4,2,2
200707,21,6,3.5
200713,2,2,1
200716,1,1,1
200753,14,6,2.2999999999999998
200796,2,2,1
200863,2,2,1
200869,6,2,3
200909,4,2,2
200925,1,1,1
200945,2,2,1
200955,2,1,2
200964,6,6,1
201000,4,2,2
201010,6,6,1
201014,8,2,4
201066,2,4,0.5
201083,2,2,1
201092,12,2,6
201102,2,2,1
201128,1,1,1
201129,12,2,6
201133,6,2,3
201139,2,2,1
201158,6,6,1
201178,2,1,2
201181,2,2,1
201187,2,2,1
201213,2,2,1
201327,2,6,0.29999999999999999
201395,3,1,3
201417,3,2,1.5
201433,2,4,0.5
201460,2,2,1
201466,1,1,1
201480,6,12,0.5
201585,2,2,1
201649,4,1,4
201690,4,2,2
201730,2,2,1
201774,2,2,1
201790,2,2,1
201817,2,2,1
201854,4,4,1
201880,1,1,1
201891,2,2,1
201903,20,4,5
201913,2,2,1
201928,12,2,6
201929,1,1,1
201937,2,2,1
201965,2,2,1
202003,2,1,2
202004,2,2,1
202031,6,2,3
202071,1,1,1
202090,4,2,2
202169,6,2,3
202191,5,2,2.5
202275,2,2,1
202308,1,1,1
202320,2,2,1
202322,12,6,2
202338,3,1,3
202385,2,2,1
202397,3,1,3
202401,2,1,2
202408,2,2,1
202409,2,3,0.69999999999999996
202442,50,4,12.5
202457,2,6,0.29999999999999999
202500,2,2,1
202510,6,6,1
202532,6,2,3
202554,2,2,1
202555,2,2,1
202601,2,1,2
202603,1,1,1
202610,3,6,0.5
202715,4,1,4
202724,3,1,3
202746,1,1,1
202764,1,1,1
202789,4,2,2
202820,2,2,1
202821,4,4,1
202846,1,1,1
202879,3,1,3
202899,4,2,2
202903,2,4,0.5
202906,8,2,4
202912,2,2,1
202922,2,2,1
202961,4,1,4
202979,2,2,1
203002,1,1,1
203058,2,2,1
203080,2,2,1
203091,1,1,1
203124,2,2,1
203139,1,1,1
203154,4,2,2
203165,8,2,4
203166,2,2,1
203197,4,2,2
203241,2,1,2
203273,2,1,2
203288,2,2,1
203300,6,6,1
203334,2,2,1
203341,2,2,1
203406,6,2,3
203450,1,6,0.20000000000000001
203454,2,2,1
203469,12,8,1.5
203487,4,4,1
203493,6,6,1
203500,14,6,2.2999999999999998
203526,1,1,1
203593,3,2,1.5
203676,3,1,3
203757,1,4,0.20000000000000001
203770,6,6,1
203814,6,6,1
203855,2,2,1
203857,2,2,1
203861,2,2,1
203872,2,2,1
203886,1,4,0.20000000000000001
203900,6,2,3
203902,2,2,1
203990,1,1,1
203992,1,1,1
203999,1,1,1
204002,12,8,1.5
204055,2,2,1
204063,2,1,2
204068,8,2,4
204097,8,2,4
204103,1,1,1
204122,8,2,4
204128,3,1,3
204129,2,1,2
204202,2,6,0.29999999999999999
204211,2,2,1
204217,2,2,1
204221,6,6,1
204252,1,1,1
204315,10,2,5
204321,2,1,2
204331,2,2,1
204376,8,4,2
204383,12,8,1.5
204391,2,2,1
204400,4,2,2
204459,2,2,1
204522,2,2,1
204526,2,2,1
204556,4,2,2
204636,6,2,3
204685,2,2,1
204767,3,1,3
204781,4,2,2
204807,2,2,1
204827,4,2,2
204846,2,2,1
204859,2,2,1
204875,3,3,1
204888,5,2,2.5
204963,2,1,2
204967,4,2,2
204980,2,2,1
205006,2,1,2
205008,1,2,0.5
205041,8,2,4
205064,1,1,1
205078,2,2,1
205111,2,2,1
205125,2,2,1
205160,2,2,1
205208,2,2,1
205210,4,2,2
205218,2,2,1
205224,1,1,1
205348,1,1,1
205364,2,2,1
205431,4,2,2
205440,14,2,7
205443,2,2,1
205475,6,2,3
205490,1,1,1
205510,1,2,0.5
205514,2,2,1
205602,2,2,1
205619,1,1,1
205678,2,2,1
205685,4,2,2
205790,2,2,1
205791,2,1,2
205795,7,2,3.5
205822,2,2,1
205830,1,1,1
205869,2,4,0.5
205884,2,1,2
205893,2,2,1
205910,4,2,2
205961,2,1,2
205966,6,2,3
205979,2,1,2
205981,2,2,1
205987,2,4,0.5
206075,2,2,1
206104,14,4,3.5
206189,4,2,2
206245,4,2,2
206307,2,2,1
206310,1,2,0.5
206313,3,2,1.5
206343,2,2,1
206364,6,2,3
206412,1,2,0.5
206502,12,6,2
206529,2,2,1
206532,8,2,4
206576,6,2,3
206577,3,2,1.5
206601,2,2,1
206611,1,1,1
206730,2,2,1
206787,4,1,4
206843,1,1,1
207014,2,2,1
207062,2,2,1
207066,2,1,2
207079,2,2,1
207131,2,4,0.5
207208,2,2,1
207276,4,2,2
207286,6,2,3
207302,4,2,2
207335,1,2,0.5
207347,1,1,1
207388,2,2,1
207437,1,1,1
207486,2,2,1
207491,2,6,0.29999999999999999
207560,2,2,1
207605,4,2,2
207617,3,2,1.5
207668,2,1,2
207684,4,2,2
207785,3,1,3
207786,2,2,1
207793,2,2,1
207812,4,2,2
207876,2,2,1
207917,2,2,1
207981,8,6,1.3
207986,1,2,0.5
208054,1,1,1
208055,1,1,1
208096,2,4,0.5
208135,2,2,1
208160,12,2,6
208196,6,2,3
208205,2,2,1
208207,1,2,0.5
208311,2,2,1
208328,2,2,1
208332,4,2,2
208374,2,1,2
208379,1,1,1
208397,11,4,2.7999999999999998
208405,2,2,1
208410,2,1,2
208417,2,2,1
208456,2,2,1
208464,6,2,3
208499,1,1,1
208513,1,2,0.5
208524,1,1,1
208533,2,1,2
208534,2,2,1
208559,2,1,2
208586,2,2,1
208610,2,4,0.5
208634,2,2,1
208657,2,4,0.5
208669,2,2,1
208671,2,2,1
208681,2,2,1
208682,2,2,1
208703,8,4,2
208706,34,4,8.5
208738,1,2,0.5
208787,6,2,3
208932,1,1,1
208982,1,1,1
209010,3,1,3
209025,1,1,1
209029,8,6,1.3
209053,6,4,1.5
209089,6,6,1
209127,2,2,1
209131,12,2,6
209191,2,2,1
209272,18,8,2.2000000000000002
209301,1,1,1
209349,10,2,5
209386,2,2,1
209388,2,2,1
209400,1,1,1
209427,2,4,0.5
209452,2,2,1
209461,4,14,0.29999999999999999
209463,4,2,2
209551,2,2,1
209575,2,8,0.20000000000000001
209586,1,2,0.5
209598,2,2,1
209623,2,2,1
209626,2,1,2
209640,2,2,1
209650,1,2,0.5
209697,4,1,4
209753,2,2,1
209770,6,2,3
209773,3,1,3
209800,1,1,1
209832,2,6,0.29999999999999999
209841,2,2,1
209844,1,2,0.5
209854,12,6,2
209882,1,2,0.5
209930,1,1,1
209973,2,2,1
209996,2,2,1
210002,4,2,2
210015,2,2,1
210016,2,2,1
210029,2,1,2
210101,2,2,1
210151,2,2,1
210176,2,2,1
210203,1,4,0.20000000000000001
210218,2,2,1
210302,2,2,1
210303,1,1,1
210370,2,1,2
210377,2,2,1
210401,12,4,3
210426,1,6,0.20000000000000001
210467,4,2,2
210507,2,1,2
210545,2,1,2
210611,2,6,0.29999999999999999
210621,3,2,1.5
210677,6,6,1
210678,1,1,1
210796,4,4,1
210840,4,4,1
210890,4,2,2
210903,4,2,2
210935,6,6,1
210954,6,2,3
211035,2,2,1
211053,2,2,1
211054,4,2,2
211100,2,2,1
211122,8,2,4
211161,1,1,1
211189,1,1,1
211266,2,2,1
211285,2,2,1
211311,4,2,2
211366,6,6,1
211389,6,2,3
211402,1,2,0.5
211412,4,2,2
211421,2,1,2
211446,2,2,1
211463,6,2,3
211476,4,4,1
211510,4,1,4
211524,2,2,1
211536,4,4,1
211544,3,2,1.5
211554,2,2,1
211563,2,1,2
211571,4,2,2
211624,1,1,1
211675,1,1,1
211699,1,2,0.5
211707,2,12,0.20000000000000001
211768,2,3,0.69999999999999996
211784,4,2,2
211809,2,2,1
211878,4,2,2
211893,2,1,2
211901,2,2,1
211908,2,2,1
211922,2,2,1
211923,2,2,1
211928,2,2,1
211965,16,8,2
211989,10,2,5
212133,2,2,1
212139,4,2,2
212163,16,2,8
212218,6,6,1
212230,2,1,2
212246,2,2,1
212344,4,4,1
212360,8,2,4
212419,6,12,0.5
212435,2,2,1
212437,1,1,1
212449,1,1,1
212464,2,2,1
212505,12,6,2
212535,4,2,2
212605,10,6,1.7
212746,18,6,3
212765,1,1,1
212775,6,2,3
212788,2,2,1
212828,3,6,0.5
212937,1,1,1
212940,2,2,1
212966,2,6,0.29999999999999999
212971,30,4,7.5
213000,6,2,3
213011,10,2,5
213012,6,6,1
213038,14,2,7
213050,1,1,1
213057,2,1,2
213062,4,2,2
213071,1,1,1
213072,2,6,0.29999999999999999
213081,4,2,2
213100,2,2,1
213115,2,2,1
213124,2,2,1
213188,2,2,1
213203,2,1,2
213264,2,2,1
213304,4,2,2
213357,2,2,1
213360,2,2,1
213406,2,2,1
213407,2,1,2
213486,6,2,3
213487,6,6,1
213499,2,2,1
213618,2,2,1
213628,4,1,4
213830,2,2,1
213886,2,2,1
213903,2,2,1
213921,18,2,9
213960,1,1,1
213965,4,2,2
213993,7,2,3.5
214066,2,2,1
214068,3,1,3
214092,6,2,3
214108,2,1,2
214114,2,2,1
214194,2,1,2
214218,4,2,2
214231,4,2,2
214242,2,2,1
214243,6,2,3
214275,1,1,1
214286,6,2,3
214292,4,2,2
214320,2,2,1
214321,2,2,1
214325,6,4,1.5
214383,2,1,2
214396,2,2,1
214399,6,2,3
214411,1,1,1
214414,2,2,1
214478,1,2,0.5
214526,2,2,1
214549,1,1,1
214708,1,1,1
214715,4,2,2
214736,1,1,1
214756,1,4,0.20000000000000001
214781,2,2,1
214796,2,4,0.5
214805,6,2,3
214860,10,2,5
214939,2,2,1
215012,1,1,1
215034,2,2,1
215052,4,2,2
215119,1,2,0.5
215123,4,1,4
215127,2,6,0.29999999999999999
215134,3,1,3
215171,2,2,1
215188,1,1,1
215202,4,2,2
215210,6,6,1
215213,1,1,1
215220,4,2,2
215235,5,6,0.80000000000000004
215317,8,2,4
215324,1,1,1
215361,2,2,1
215363,4,1,4
215400,4,1,4
215405,2,2,1
215422,4,2,2
215436,2,2,1
215440,2,2,1
215453,2,2,1
215455,4,2,2
215505,6,4,1.5
215541,2,2,1
215546,2,2,1
215547,2,4,0.5
215564,6,6,1
215578,8,2,4
215609,1,1,1
215672,2,2,1
215721,2,2,1
215756,12,6,2
215784,2,2,1
215813,4,1,4
215824,3,1,3
215828,2,1,2
215836,1,1,1
215877,1,1,1
215878,2,6,0.29999999999999999
215886,1,1,1
215927,8,1,8
215928,6,4,1.5
215983,1,4,0.20000000000000001
216001,4,4,1
216022,2,2,1
216076,2,8,0.20000000000000001
216148,4,8,0.5
216240,2,2,1
216249,2,2,1
216314,4,2,2
216359,3,2,1.5
216390,2,2,1
216394,2,2,1
216396,2,2,1
216433,6,2,3
216436,6,12,0.5
216457,3,3,1
216461,3,1,3
216530,6,2,3
216539,2,4,0.5
216562,2,2,1
216575,4,2,2
216608,2,2,1
216681,1,1,1
216697,2,2,1
216704,2,2,1
216720,8,2,4
216731,2,2,1
216733,8,2,4
216743,2,2,1
216857,2,4,0.5
216879,4,2,2
216900,2,2,1
216925,2,2,1
216931,1,1,1
216979,2,2,1
217033,4,4,1
217035,8,1,8
217037,1,1,1
217124,1,1,1
217137,5,1,5
217176,8,8,1
217210,1,1,1
217295,3,1,3
217302,20,6,3.2999999999999998
217333,6,2,3
217342,2,2,1
217356,2,2,1
217392,2,2,1
217460,8,2,4
217467,2,2,1
217469,1,1,1
217486,2,1,2
217520,2,2,1
217537,2,2,1
217560,3,2,1.5
217590,4,2,2
217614,12,2,6
217624,2,1,2
217644,2,2,1
217649,2,2,1
217678,2,2,1
217709,2,2,1
217714,2,2,1
217728,4,3,1.3
217743,4,2,2
217813,1,2,0.5
217814,3,6,0.5
217816,10,6,1.7
217826,4,2,2
217855,4,2,2
217868,2,2,1
217890,8,2,4
217975,12,2,6
217979,2,6,0.29999999999999999
217989,6,4,1.5
217992,6,2,3
218071,2,2,1
218079,2,6,0.29999999999999999
218085,18,6,3
218119,2,2,1
218133,1,1,1
218242,2,2,1
218259,12,6,2
218262,1,2,0.5
218306,6,2,3
218425,1,2,0.5
218479,4,2,2
218521,2,2,1
218530,2,2,1
218581,4,2,2
218654,4,2,2
218708,1,1,1
218734,2,2,1
218761,4,1,4
218809,2,2,1
218830,4,2,2
218844,2,2,1
218853,2,2,1
218877,4,8,0.5
218909,10,6,1.7
218918,2,1,2
218996,1,1,1
219002,6,2,3
219060,1,3,0.29999999999999999
219062,2,2,1
219082,2,2,1
219168,2,2,1
219202,2,2,1
219231,2,2,1
219234,2,2,1
219265,4,2,2
219280,1,1,1
219285,2,2,1
219287,2,6,0.29999999999999999
219297,4,2,2
219303,1,1,1
219350,1,1,1
219418,2,2,1
219436,2,2,1
219468,2,2,1
219477,1,1,1
219497,6,2,3
219502,4,2,2
219525,2,1,2
219584,1,1,1
219590,2,2,1
219608,1,2,0.5
219610,3,3,1
219659,1,1,1
219666,9,2,4.5
219681,4,2,2
219688,2,2,1
219721,6,2,3
219722,16,4,4
219728,2,1,2
219767,2,2,1
219772,2,2,1
219801,6,6,1
219813,2,2,1
219823,4,4,1
219852,6,4,1.5
219883,1,1,1
219897,2,2,1
219904,2,1,2
219905,2,2,1
219921,2,2,1
219936,6,2,3
219954,2,2,1
220001,4,2,2
220021,4,1,4
220038,10,2,5
220063,8,2,4
220075,8,2,4
220085,1,1,1
220106,2,2,1
220113,2,2,1
220166,1,2,0.5
220224,6,6,1
220321,1,1,1
220417,3,2,1.5
220424,6,2,3
220443,2,2,1
220472,6,2,3
220553,2,2,1
220571,1,1,1
220612,14,2,7
220645,12,2,6
220650,1,2,0.5
220687,2,2,1
220700,2,2,1
220716,6,2,3
220752,4,6,0.69999999999999996
220755,6,2,3
220776,2,4,0.5
220840,4,4,1
220869,6,8,0.80000000000000004
220882,2,2,1
220909,6,6,1
220922,8,2,4
220926,2,4,0.5
220927,2,2,1
220943,2,2,1
220945,6,6,1
220979,4,2,2
221030,18,6,3
221038,4,2,2
221044,2,8,0.20000000000000001
221064,1,2,0.5
221081,2,2,1
221088,1,1,1
221158,1,1,1
221182,2,2,1
221192,4,2,2
221219,3,2,1.5
221238,2,2,1
221257,2,2,1
221262,1,3,0.29999999999999999
221269,2,2,1
221321,4,2,2
221362,2,6,0.29999999999999999
221412,6,12,0.5
221425,1,1,1
221435,4,2,2
221448,18,2,9
221479,1,1,1
221503,1,2,0.5
221513,4,4,1
221521,24,6,4
221534,2,2,1
221554,2,2,1
221632,2,2,1
221659,2,2,1
221667,1,1,1
221681,1,1,1
221704,2,2,1
221742,6,6,1
221782,2,2,1
221789,4,4,1
221817,4,1,4
221835,4,2,2
221854,2,1,2
221856,3,1,3
221886,1,2,0.5
221923,2,2,1
221948,1,1,1
221959,4,2,2
221988,16,2,8
221995,4,1,4
222015,22,6,3.7000000000000002
222055,2,6,0.29999999999999999
222108,2,1,2
222110,2,2,1
222127,1,1,1
222134,3,1,3
222135,6,2,3
222227,2,2,1
222241,11,10,1.1000000000000001
222268,1,1,1
222273,2,2,1
222307,18,12,1.5
222338,6,2,3
222357,1,1,1
222401,1,2,0.5
222413,2,2,1
222462,2,2,1
222483,2,2,1
222645,2,4,0.5
222665,6,2,3
222693,10,2,5
222723,1,1,1
222730,3,2,1.5
222766,2,2,1
222776,2,8,0.20000000000000001
222795,2,2,1
222810,2,2,1
222843,1,1,1
222864,6,6,1
222889,4,2,2
222907,14,6,2.2999999999999998
222909,6,2,3
222946,1,1,1
222952,1,1,1
222959,4,2,2
222976,1,1,1
223016,4,2,2
223023,3,1,3
223027,4,2,2
223042,4,2,2
223058,16,6,2.7000000000000002
223064,7,1,7
223159,6,2,3
223165,1,3,0.29999999999999999
223194,6,2,3
223258,4,2,2
223279,10,2,5
223342,2,2,1
223384,2,2,1
223392,2,6,0.29999999999999999
223439,10,2,5
223477,2,2,1
223556,2,2,1
223560,1,1,1
223705,2,2,1
223709,4,4,1
223736,2,2,1
223845,9,3,3
223847,4,2,2
223849,2,2,1
223860,2,2,1
223873,3,1,3
223875,3,1,3
223913,1,1,1
223966,2,2,1
223996,2,2,1
224013,6,2,3
224102,2,2,1
224113,8,4,2
224142,12,8,1.5
224192,2,2,1
224194,4,6,0.69999999999999996
224312,2,2,1
224324,2,6,0.29999999999999999
224332,8,2,4
224368,1,1,1
224402,4,2,2
224418,2,2,1
224424,12,2,6
224435,6,2,3
224464,2,2,1
224497,4,2,2
224513,2,2,1
224594,3,1,3
224601,3,1,3
224617,1,1,1
224688,1,1,1
224695,1,2,0.5
224725,4,2,2
224747,2,2,1
224761,1,1,1
224801,2,2,1
224844,3,1,3
224850,2,2,1
224890,2,2,1
224927,2,2,1
224933,2,4,0.5
224979,6,2,3
225028,2,4,0.5
225061,2,2,1
225078,2,2,1
225136,26,12,2.2000000000000002
225183,4,2,2
225222,1,1,1
225253,2,2,1
225258,2,2,1
225268,1,1,1
225276,2,1,2
225280,1,3,0.29999999999999999
225308,8,2,4
225323,2,2,1
225395,2,1,2
225414,4,2,2
225436,1,1,1
225454,2,2,1
225459,4,2,2
225476,2,2,1
225477,1,3,0.29999999999999999
225529,2,2,1
225530,2,2,1
225603,2,2,1
225606,2,4,0.5
225615,1,1,1
225619,6,6,1
225626,2,6,0.29999999999999999
225694,6,1,6
225708,6,2,3
225714,2,2,1
225746,2,2,1
225851,18,4,4.5
225881,2,1,2
225935,2,2,1
225956,2,2,1
226066,2,2,1
226081,10,2,5
226113,2,2,1
226140,2,2,1
226156,2,2,1
226188,6,1,6
226189,2,2,1
226232,6,12,0.5
226247,2,2,1
226274,2,4,0.5
226286,10,4,2.5
226290,12,6,2
226291,2,2,1
226325,4,2,2
226376,3,3,1
226411,14,12,1.2
226434,1,1,1
226463,20,6,3.2999999999999998
226466,12,2,6
226479,3,1,3
226491,2,2,1
226530,2,4,0.5
226566,2,2,1
226583,4,2,2
226610,1,1,1
226618,2,2,1
226628,6,6,1
226663,6,6,1
226682,2,2,1
226685,2,2,1
226691,6,1,6
226704,2,2,1
226711,2,2,1
226786,18,6,3
226809,2,6,0.29999999999999999
226854,6,6,1
226857,2,1,2
226865,2,6,0.29999999999999999
226874,4,4,1
226877,2,2,1
226913,3,1,3
226937,13,2,6.5
226967,2,2,1
226984,2,2,1
227023,2,2,1
227035,1,1,1
227036,1,1,1
227085,6,6,1
227105,2,2,1
227110,2,2,1
227139,2,2,1
227149,8,6,1.3
227277,40,4,10
227295,6,4,1.5
227306,12,6,2
227316,2,6,0.29999999999999999
227395,2,1,2
227416,1,1,1
227441,1,1,1
227475,2,2,1
227478,2,2,1
227479,2,4,0.5
227497,2,2,1
227505,2,1,2
227526,4,2,2
227535,4,4,1
227551,2,2,1
227594,1,1,1
227683,2,2,1
227720,2,4,0.5
227730,5,1,5
227750,4,2,2
227776,2,2,1
227778,1,1,1
227854,2,2,1
227857,6,2,3
227905,8,6,1.3
227928,2,2,1
227993,1,1,1
228056,2,2,1
228080,2,2,1
228098,1,1,1
228103,2,8,0.20000000000000001
228118,2,2,1
228134,1,2,0.5
228165,6,8,0.80000000000000004
228201,2,6,0.29999999999999999
228252,3,2,1.5
228295,1,1,1
228307,2,1,2
228362,2,2,1
228379,4,2,2
228466,4,1,4
228477,2,2,1
228480,2,2,1
228484,2,2,1
228553,2,2,1
228563,2,2,1
228591,2,2,1
228607,2,1,2
228636,1,1,1
228724,1,1,1
228751,2,1,2
228837,4,2,2
228849,1,1,1
228953,1,1,1
228962,1,1,1
228966,1,1,1
229035,1,2,0.5
229045,3,3,1
229046,2,2,1
229051,1,1,1
229054,1,1,1
229091,6,2,3
229122,2,2,1
229196,2,2,1
229230,10,8,1.2
229270,2,2,1
229324,2,2,1
229325,4,4,1
229343,2,6,0.29999999999999999
229352,4,6,0.69999999999999996
229363,4,2,2
229424,2,1,2
229455,2,2,1
229498,2,2,1
229518,1,2,0.5
229524,1,2,0.5
229552,2,2,1
229575,1,2,0.5
229620,2,2,1
229623,4,1,4
229624,18,6,3
229637,6,6,1
229645,2,2,1
229742,4,2,2
229792,1,1,1
229857,6,6,1
229912,6,4,1.5
229921,4,2,2
229931,1,1,1
229963,6,6,1
229993,4,2,2
230015,4,2,2
230041,2,2,1
230065,1,1,1
230083,2,2,1
230089,2,4,0.5
230119,9,12,0.80000000000000004
230127,2,2,1
230183,8,2,4
230187,2,1,2
230231,8,2,4
230241,1,1,1
230250,4,2,2
230272,2,2,1
230291,2,2,1
230317,4,2,2
230386,2,1,2
230389,2,2,1
230537,8,6,1.3
230656,2,2,1
230666,2,2,1
230697,4,2,2
230706,2,2,1
230710,6,12,0.5
230739,2,2,1
230745,1,1,1
230758,2,2,1
230832,12,12,1
230851,6,6,1
230860,1,1,1
230877,2,2,1
230910,2,2,1
230914,2,1,2
230937,6,4,1.5
230967,1,1,1
230969,2,2,1
230993,2,2,1
230999,6,9,0.69999999999999996
231014,2,2,1
231024,4,2,2
231138,2,8,0.20000000000000001
231163,4,2,2
231242,2,2,1
231446,2,2,1
231456,10,8,1.2
231476,12,6,2
231489,2,2,1
231525,1,2,0.5
231560,1,2,0.5
231573,2,1,2
231600,2,2,1
231687,4,2,2
231735,2,2,1
231777,10,2,5
231781,9,6,1.5
231785,4,2,2
231794,4,2,2
231847,4,2,2
231883,2,2,1
231955,4,2,2
231968,2,2,1
232014,10,1,10
232063,1,1,1
232122,2,2,1
232135,2,1,2
232139,8,2,4
232228,4,2,2
232234,4,2,2
232270,6,2,3
232308,4,2,2
232367,2,1,2
232372,6,2,3
232420,2,2,1
232501,2,2,1
232509,1,3,0.29999999999999999
232543,2,2,1
232546,1,1,1
232558,2,2,1
232571,2,2,1
232626,6,3,2
232645,2,2,1
232651,2,2,1
232657,6,2,3
232672,12,1,12
232692,2,2,1
232728,8,2,4
232783,1,1,1
232869,6,2,3
232896,3,1,3
232903,2,2,1
232904,3,6,0.5
232909,4,1,4
232915,2,2,1
232925,4,2,2
232962,2,2,1
232988,4,2,2
233020,4,2,2
233091,1,1,1
233097,2,2,1
233118,2,4,0.5
233140,4,2,2
233149,2,2,1
233193,2,4,0.5
233197,2,2,1
233224,6,6,1
233259,2,4,0.5
233270,2,2,1
233288,4,2,2
233305,2,2,1
233338,18,6,3
233410,4,4,1
233445,6,6,1
233459,1,4,0.20000000000000001
233477,1,1,1
233510,6,2,3
233538,4,2,2
233547,8,2,4
233604,6,4,1.5
233615,1,1,1
233624,1,1,1
233632,2,2,1
233692,3,1,3
233697,2,2,1
233724,3,1,3
233727,1,1,1
233732,2,2,1
233773,8,2,4
233796,16,2,8
233804,26,10,2.6000000000000001
233836,2,2,1
233851,4,2,2
233858,2,2,1
233925,6,2,3
233964,14,2,7
233969,2,2,1
233975,2,2,1
234025,2,2,1
234036,1,1,1
234147,3,2,1.5
234177,6,6,1
234179,6,4,1.5
234236,1,1,1
234401,1,1,1
234412,1,1,1
234468,2,2,1
234473,2,2,1
234492,4,4,1
234502,2,2,1
234505,2,2,1
234561,2,2,1
234596,2,2,1
234632,6,4,1.5
234688,4,3,1.3
234703,4,2,2
234817,2,2,1
234829,2,2,1
234861,4,8,0.5
234888,2,2,1
234918,1,2,0.5
234944,6,2,3
234969,2,2,1
235020,55,8,6.9000000000000004
235052,2,2,1
235056,2,2,1
235059,2,2,1
235081,4,2,2
235115,4,2,2
235130,2,6,0.29999999999999999
235143,6,2,3
235174,8,2,4
235198,2,2,1
235313,2,2,1
235322,4,2,2
235335,1,2,0.5
235398,2,2,1
235409,2,2,1
235412,6,2,3
235425,2,12,0.20000000000000001
235452,4,2,2
235482,3,3,1
235513,1,1,1
235533,2,2,1
235538,1,1,1
235595,4,2,2
235609,1,6,0.20000000000000001
235745,2,2,1
235754,6,2,3
235767,6,2,3
235775,1,1,1
235779,6,2,3
235865,6,4,1.5
235907,6,6,1
235999,4,2,2
236015,4,2,2
236029,1,1,1
236037,2,6,0.29999999999999999
236041,6,14,0.40000000000000002
236043,3,1,3
236056,2,2,1
236087,1,1,1
236200,2,1,2
236240,16,2,8
236241,1,1,1
236273,1,1,1
236298,2,1,2
236365,2,1,2
236427,1,1,1
236592,5,2,2.5
236619,1,1,1
236639,1,1,1
236646,4,2,2
236656,8,2,4
236680,4,2,2
236691,14,2,7
236695,4,2,2
236724,12,2,6
236734,1,1,1
236850,2,8,0.20000000000000001
236871,6,2,3
236915,4,4,1
236937,6,2,3
236942,1,1,1
236964,10,6,1.7
236975,2,1,2
236986,4,2,2
236990,2,2,1
236992,2,2,1
237011,16,6,2.7000000000000002
237014,2,2,1
237039,12,6,2
237101,1,1,1
237121,7,1,7
237147,4,2,2
237149,2,2,1
237174,8,6,1.3
237183,4,2,2
237197,1,1,1
237233,12,6,2
237248,2,2,1
237316,2,2,1
237329,4,2,2
237480,4,2,2
237484,2,2,1
237553,2,2,1
237573,2,2,1
237668,2,2,1
237703,2,2,1
237759,6,2,3
237789,1,4,0.20000000000000001
237799,2,2,1
237819,6,2,3
237950,4,2,2
237984,1,1,1
237993,2,2,1
238003,4,2,2
238068,6,2,3
238071,2,4,0.5
238111,8,2,4
238154,14,2,7
238160,6,6,1
238169,4,2,2
238191,1,2,0.5
238294,2,2,1
238364,1,1,1
238423,2,2,1
238487,2,2,1
238522,2,2,1
238542,4,6,0.69999999999999996
238570,2,2,1
238572,2,2,1
238599,2,1,2
238645,4,4,1
238654,1,2,0.5
238716,2,2,1
238724,2,2,1
238739,1,1,1
238740,2,2,1
238823,4,4,1
238878,2,1,2
238945,2,2,1
238953,2,2,1
238988,10,2,5
239096,6,6,1
239124,14,2,7
239152,8,2,4
239191,2,2,1
239234,2,2,1
239241,1,1,1
239451,1,1,1
239478,2,2,1
239530,2,2,1
239531,2,6,0.29999999999999999
